"http://dbpedia.org/resource/Moretto_da_Brescia","http://dbpedia.org/ontology/birthPlace","http://dbpedia.org/resource/Rovato"
"http://dbpedia.org/resource/Domenico_Beccafumi","http://dbpedia.org/ontology/birthPlace","http://dbpedia.org/resource/Monteaperti"
"http://dbpedia.org/resource/Domenico_Beccafumi","http://dbpedia.org/ontology/birthPlace","http://dbpedia.org/resource/Italy"
"http://dbpedia.org/resource/Domenico_Ghirlandaio","http://dbpedia.org/ontology/birthPlace","http://dbpedia.org/resource/Florence"
"http://dbpedia.org/resource/Domenico_Ghirlandaio","http://dbpedia.org/ontology/birthPlace","http://dbpedia.org/resource/Republic_of_Florence"
"http://dbpedia.org/resource/Sandro_Botticelli","http://dbpedia.org/ontology/birthPlace","http://dbpedia.org/resource/Florence"
"http://dbpedia.org/resource/Sandro_Botticelli","http://dbpedia.org/ontology/birthPlace","http://dbpedia.org/resource/Republic_of_Florence"
"http://dbpedia.org/resource/Sebastiano_del_Piombo","http://dbpedia.org/ontology/birthPlace","http://dbpedia.org/resource/Venice"
"http://dbpedia.org/resource/Lorenzo_Lotto","http://dbpedia.org/ontology/birthPlace","http://dbpedia.org/resource/Venice"
"http://dbpedia.org/resource/Gentile_Bellini","http://dbpedia.org/ontology/birthPlace","http://dbpedia.org/resource/Veneto"
"http://dbpedia.org/resource/Gentile_Bellini","http://dbpedia.org/ontology/birthPlace","http://dbpedia.org/resource/Venice"
"http://dbpedia.org/resource/Gentile_Bellini","http://dbpedia.org/ontology/birthPlace","http://dbpedia.org/resource/Italy"
"http://dbpedia.org/resource/Gentile_Bellini","http://dbpedia.org/ontology/birthPlace","http://dbpedia.org/resource/Republic_of_Venice"
"http://dbpedia.org/resource/Giovanni_Battista_Bertani","http://dbpedia.org/ontology/birthPlace","http://dbpedia.org/resource/Mantua"
"http://dbpedia.org/resource/Giovanni_Battista_Bertani","http://dbpedia.org/ontology/birthPlace","http://dbpedia.org/resource/Margraviate_of_Mantua"
"http://dbpedia.org/resource/Domenico_Beccafumi","http://dbpedia.org/ontology/deathPlace","http://dbpedia.org/resource/Italy"
"http://dbpedia.org/resource/Domenico_Beccafumi","http://dbpedia.org/ontology/deathPlace","http://dbpedia.org/resource/Siena"
"http://dbpedia.org/resource/Domenico_Ghirlandaio","http://dbpedia.org/ontology/deathPlace","http://dbpedia.org/resource/Florence"
"http://dbpedia.org/resource/Domenico_Ghirlandaio","http://dbpedia.org/ontology/deathPlace","http://dbpedia.org/resource/Republic_of_Florence"
"http://dbpedia.org/resource/Sandro_Botticelli","http://dbpedia.org/ontology/deathPlace","http://dbpedia.org/resource/Florence"
"http://dbpedia.org/resource/Sandro_Botticelli","http://dbpedia.org/ontology/deathPlace","http://dbpedia.org/resource/Republic_of_Florence"
"http://dbpedia.org/resource/Sebastiano_del_Piombo","http://dbpedia.org/ontology/deathPlace","http://dbpedia.org/resource/Rome"
"http://dbpedia.org/resource/Sebastiano_del_Piombo","http://dbpedia.org/ontology/deathPlace","http://dbpedia.org/resource/Papal_States"
"http://dbpedia.org/resource/Lorenzo_Lotto","http://dbpedia.org/ontology/deathPlace","http://dbpedia.org/resource/Loreto,_Marche"
"http://dbpedia.org/resource/Gentile_Bellini","http://dbpedia.org/ontology/deathPlace","http://dbpedia.org/resource/Veneto"
"http://dbpedia.org/resource/Gentile_Bellini","http://dbpedia.org/ontology/deathPlace","http://dbpedia.org/resource/Venice"
"http://dbpedia.org/resource/Gentile_Bellini","http://dbpedia.org/ontology/deathPlace","http://dbpedia.org/resource/Italy"
"http://dbpedia.org/resource/Gentile_Bellini","http://dbpedia.org/ontology/deathPlace","http://dbpedia.org/resource/Republic_of_Venice"
"http://dbpedia.org/resource/Moretto_da_Brescia","http://dbpedia.org/ontology/movement","http://dbpedia.org/resource/High_Renaissance"
"http://dbpedia.org/resource/Domenico_Beccafumi","http://dbpedia.org/ontology/movement","http://dbpedia.org/resource/Mannerism"
"http://dbpedia.org/resource/Domenico_Ghirlandaio","http://dbpedia.org/ontology/movement","http://dbpedia.org/resource/Italian_Renaissance"
"http://dbpedia.org/resource/Sandro_Botticelli","http://dbpedia.org/ontology/movement","http://dbpedia.org/resource/Italian_Renaissance"
"http://dbpedia.org/resource/Sebastiano_del_Piombo","http://dbpedia.org/ontology/movement","http://dbpedia.org/resource/High_Renaissance"
"http://dbpedia.org/resource/Lorenzo_Lotto","http://dbpedia.org/ontology/movement","http://dbpedia.org/resource/High_Renaissance"
"http://dbpedia.org/resource/Giovanni_Battista_Bertani","http://dbpedia.org/ontology/movement","http://dbpedia.org/resource/Mannerism"
"http://dbpedia.org/resource/Domenico_Ghirlandaio","http://dbpedia.org/ontology/notableWork","http://dbpedia.org/resource/Santa_Trinita"
"http://dbpedia.org/resource/Domenico_Ghirlandaio","http://dbpedia.org/ontology/notableWork","http://dbpedia.org/resource/Tornabuoni_Chapel"
"http://dbpedia.org/resource/Domenico_Ghirlandaio","http://dbpedia.org/ontology/notableWork","http://dbpedia.org/resource/Florence"
"http://dbpedia.org/resource/Domenico_Ghirlandaio","http://dbpedia.org/ontology/notableWork","http://dbpedia.org/resource/Rome"
"http://dbpedia.org/resource/Domenico_Ghirlandaio","http://dbpedia.org/ontology/notableWork","http://dbpedia.org/resource/Ognissanti,_Florence"
"http://dbpedia.org/resource/Domenico_Ghirlandaio","http://dbpedia.org/ontology/notableWork","http://dbpedia.org/resource/Sistine_Chapel"
"http://dbpedia.org/resource/Domenico_Ghirlandaio","http://dbpedia.org/ontology/notableWork","http://dbpedia.org/resource/Palazzo_Vecchio"
"http://dbpedia.org/resource/Sandro_Botticelli","http://dbpedia.org/ontology/notableWork","http://dbpedia.org/resource/The_Birth_of_Venus"
"http://dbpedia.org/resource/Sandro_Botticelli","http://dbpedia.org/ontology/notableWork","http://dbpedia.org/resource/Adoration_of_the_Magi_(Botticelli,_1475)"
"http://dbpedia.org/resource/Sandro_Botticelli","http://dbpedia.org/ontology/notableWork","http://dbpedia.org/resource/List_of_works_by_Sandro_Botticelli"
"http://dbpedia.org/resource/Sandro_Botticelli","http://dbpedia.org/ontology/notableWork","http://dbpedia.org/resource/Primavera_(Botticelli)"
"http://dbpedia.org/resource/Gentile_Bellini","http://dbpedia.org/ontology/notableWork","http://dbpedia.org/resource/Sultan"
"http://dbpedia.org/resource/Sandro_Botticelli","http://dbpedia.org/ontology/training","http://dbpedia.org/resource/Filippo_Lippi"
"http://dbpedia.org/resource/Sebastiano_del_Piombo","http://dbpedia.org/ontology/training","http://dbpedia.org/resource/Giorgione"
"http://dbpedia.org/resource/Sebastiano_del_Piombo","http://dbpedia.org/ontology/training","http://dbpedia.org/resource/Giovanni_Bellini"
"http://dbpedia.org/resource/Giovanni_Battista_Bertani","http://dbpedia.org/ontology/training","http://dbpedia.org/resource/Giulio_Romano"
"http://dbpedia.org/resource/Domenico_Ghirlandaio","http://dbpedia.org/ontology/restingPlace","http://dbpedia.org/resource/Santa_Maria_Novella"
"http://dbpedia.org/resource/Gentile_Bellini","http://dbpedia.org/ontology/restingPlace","http://dbpedia.org/resource/Santi_Giovanni_e_Paolo,_Venice"
"http://dbpedia.org/resource/Domenico_Beccafumi","http://dbpedia.org/ontology/field","http://dbpedia.org/resource/Painting"
"http://dbpedia.org/resource/Domenico_Ghirlandaio","http://dbpedia.org/ontology/field","http://dbpedia.org/resource/List_of_Italian_painters"
"http://dbpedia.org/resource/Lorenzo_Lotto","http://dbpedia.org/ontology/field","http://dbpedia.org/resource/Painting"
"http://dbpedia.org/resource/Moretto_da_Brescia","http://dbpedia.org/ontology/nationality","http://dbpedia.org/resource/Italy"
"http://dbpedia.org/resource/Lorenzo_Lotto","http://dbpedia.org/ontology/nationality","http://dbpedia.org/resource/Italy"
"http://dbpedia.org/resource/Giovanni_Battista_Bertani","http://dbpedia.org/ontology/nationality","http://dbpedia.org/resource/Italy"
"http://dbpedia.org/resource/Lavinia_Fontana","http://dbpedia.org/ontology/birthPlace","http://dbpedia.org/resource/Bologna"
"http://dbpedia.org/resource/Denis_Calvaert","http://dbpedia.org/ontology/birthPlace","http://dbpedia.org/resource/Duchy_of_Brabant"
"http://dbpedia.org/resource/Denis_Calvaert","http://dbpedia.org/ontology/birthPlace","http://dbpedia.org/resource/Antwerp"
"http://dbpedia.org/resource/Leon_Battista_Alberti","http://dbpedia.org/ontology/birthPlace","http://dbpedia.org/resource/Genoa"
"http://dbpedia.org/resource/Leon_Battista_Alberti","http://dbpedia.org/ontology/birthPlace","http://dbpedia.org/resource/Republic_of_Genoa"
"http://dbpedia.org/resource/Lavinia_Fontana","http://dbpedia.org/ontology/deathPlace","http://dbpedia.org/resource/Rome"
"http://dbpedia.org/resource/Denis_Calvaert","http://dbpedia.org/ontology/deathPlace","http://dbpedia.org/resource/Bologna"
"http://dbpedia.org/resource/Denis_Calvaert","http://dbpedia.org/ontology/deathPlace","http://dbpedia.org/resource/Papal_States"
"http://dbpedia.org/resource/Leon_Battista_Alberti","http://dbpedia.org/ontology/deathPlace","http://dbpedia.org/resource/Papal_States"
"http://dbpedia.org/resource/Rocco_Zoppo","http://dbpedia.org/ontology/movement","http://dbpedia.org/resource/Italian_Renaissance"
"http://dbpedia.org/resource/Denis_Calvaert","http://dbpedia.org/ontology/movement","http://dbpedia.org/resource/Baroque"
"http://dbpedia.org/resource/Leon_Battista_Alberti","http://dbpedia.org/ontology/movement","http://dbpedia.org/resource/Italian_Renaissance"
"http://dbpedia.org/resource/Leon_Battista_Alberti","http://dbpedia.org/ontology/notableWork","http://dbpedia.org/resource/Santa_Maria_Novella"
"http://dbpedia.org/resource/Leon_Battista_Alberti","http://dbpedia.org/ontology/notableWork","http://dbpedia.org/resource/Palazzo_Rucellai"
"http://dbpedia.org/resource/Leon_Battista_Alberti","http://dbpedia.org/ontology/notableWork","http://dbpedia.org/resource/Tempio_Malatestiano"
"http://dbpedia.org/resource/Rocco_Zoppo","http://dbpedia.org/ontology/training","http://dbpedia.org/resource/Pietro_Perugino"
"http://dbpedia.org/resource/Lavinia_Fontana","http://dbpedia.org/ontology/restingPlace","http://dbpedia.org/resource/Santa_Maria_sopra_Minerva"
"http://dbpedia.org/resource/Lavinia_Fontana","http://dbpedia.org/ontology/restingPlace","http://dbpedia.org/resource/Rome"
"http://dbpedia.org/resource/Rocco_Zoppo","http://dbpedia.org/ontology/field","http://dbpedia.org/resource/Fresco"
"http://dbpedia.org/resource/Rocco_Zoppo","http://dbpedia.org/ontology/field","http://dbpedia.org/resource/Painting"
"http://dbpedia.org/resource/Denis_Calvaert","http://dbpedia.org/ontology/field","http://dbpedia.org/resource/Painting"
"http://dbpedia.org/resource/Leon_Battista_Alberti","http://dbpedia.org/ontology/field","http://dbpedia.org/resource/Linguistics"
"http://dbpedia.org/resource/Rocco_Zoppo","http://dbpedia.org/ontology/nationality","http://dbpedia.org/resource/Italy"
"http://dbpedia.org/resource/Denis_Calvaert","http://dbpedia.org/ontology/nationality","http://dbpedia.org/resource/Flemish_people"
"http://dbpedia.org/resource/Giovanni_Antonio_Sogliani","http://dbpedia.org/ontology/birthPlace","http://dbpedia.org/resource/Florence"
"http://dbpedia.org/resource/Raffaellino_del_Garbo","http://dbpedia.org/ontology/birthPlace","http://dbpedia.org/resource/Florence"
"http://dbpedia.org/resource/Lorenzo_Costa","http://dbpedia.org/ontology/birthPlace","http://dbpedia.org/resource/Ferrara"
"http://dbpedia.org/resource/Mariotto_Albertinelli","http://dbpedia.org/ontology/birthPlace","http://dbpedia.org/resource/Florence"
"http://dbpedia.org/resource/Giovanni_Antonio_Sogliani","http://dbpedia.org/ontology/deathPlace","http://dbpedia.org/resource/Florence"
"http://dbpedia.org/resource/Raffaellino_del_Garbo","http://dbpedia.org/ontology/deathPlace","http://dbpedia.org/resource/Florence"
"http://dbpedia.org/resource/Lorenzo_Costa","http://dbpedia.org/ontology/deathPlace","http://dbpedia.org/resource/Mantua"
"http://dbpedia.org/resource/Romanino","http://dbpedia.org/ontology/movement","http://dbpedia.org/resource/Italian_Renaissance"
"http://dbpedia.org/resource/Lorenzo_Costa","http://dbpedia.org/ontology/movement","http://dbpedia.org/resource/Italian_Renaissance"
"http://dbpedia.org/resource/Mariotto_Albertinelli","http://dbpedia.org/ontology/movement","http://dbpedia.org/resource/High_Renaissance"
"http://dbpedia.org/resource/Raffaellino_del_Garbo","http://dbpedia.org/ontology/training","http://dbpedia.org/resource/Filippino_Lippi"
"http://dbpedia.org/resource/Lorenzo_Costa","http://dbpedia.org/ontology/training","http://dbpedia.org/resource/Ercole_de'_Roberti"
"http://dbpedia.org/resource/Lorenzo_Costa","http://dbpedia.org/ontology/training","http://dbpedia.org/resource/Cosmè_Tura"
"http://dbpedia.org/resource/Raffaellino_del_Garbo","http://dbpedia.org/ontology/field","http://dbpedia.org/resource/Painting"
"http://dbpedia.org/resource/Mariotto_Albertinelli","http://dbpedia.org/ontology/field","http://dbpedia.org/resource/Painting"
"http://dbpedia.org/resource/Giovanni_Antonio_Sogliani","http://dbpedia.org/ontology/nationality","http://dbpedia.org/resource/Italians"
"http://dbpedia.org/resource/Raffaellino_del_Garbo","http://dbpedia.org/ontology/nationality","http://dbpedia.org/resource/Italy"
"http://dbpedia.org/resource/Romanino","http://dbpedia.org/ontology/nationality","http://dbpedia.org/resource/Italy"
"http://dbpedia.org/resource/Lorenzo_Costa","http://dbpedia.org/ontology/nationality","http://dbpedia.org/resource/Italy"
"http://dbpedia.org/resource/Mariotto_Albertinelli","http://dbpedia.org/ontology/nationality","http://dbpedia.org/resource/Italy"
"http://dbpedia.org/resource/Andrea_Sabbatini","http://dbpedia.org/ontology/birthPlace","http://dbpedia.org/resource/Salerno"
"http://dbpedia.org/resource/Luca_Signorelli","http://dbpedia.org/ontology/birthPlace","http://dbpedia.org/resource/Cortona"
"http://dbpedia.org/resource/Piero_della_Francesca","http://dbpedia.org/ontology/birthPlace","http://dbpedia.org/resource/Sansepolcro"
"http://dbpedia.org/resource/Piero_della_Francesca","http://dbpedia.org/ontology/birthPlace","http://dbpedia.org/resource/Republic_of_Florence"
"http://dbpedia.org/resource/Pietro_Paolo_Agabito","http://dbpedia.org/ontology/birthPlace","http://dbpedia.org/resource/Sassoferrato"
"http://dbpedia.org/resource/Pietro_Paolo_Agabito","http://dbpedia.org/ontology/birthPlace","http://dbpedia.org/resource/Italy"
"http://dbpedia.org/resource/Pietro_Paolo_Agabito","http://dbpedia.org/ontology/birthPlace","http://dbpedia.org/resource/Marche"
"http://dbpedia.org/resource/Pietro_Perugino","http://dbpedia.org/ontology/birthPlace","http://dbpedia.org/resource/Città_della_Pieve"
"http://dbpedia.org/resource/Pietro_Perugino","http://dbpedia.org/ontology/birthPlace","http://dbpedia.org/resource/Papal_States"
"http://dbpedia.org/resource/Pinturicchio","http://dbpedia.org/ontology/birthPlace","http://dbpedia.org/resource/Papal_States"
"http://dbpedia.org/resource/Pinturicchio","http://dbpedia.org/ontology/birthPlace","http://dbpedia.org/resource/Perugia"
"http://dbpedia.org/resource/Plautilla_Nelli","http://dbpedia.org/ontology/birthPlace","http://dbpedia.org/resource/Florence"
"http://dbpedia.org/resource/Raphael","http://dbpedia.org/ontology/birthPlace","http://dbpedia.org/resource/Urbino"
"http://dbpedia.org/resource/Raphael","http://dbpedia.org/ontology/birthPlace","http://dbpedia.org/resource/Duchy_of_Urbino"
"http://dbpedia.org/resource/Il_Sodoma","http://dbpedia.org/ontology/birthPlace","http://dbpedia.org/resource/Vercelli"
"http://dbpedia.org/resource/Antonello_da_Messina","http://dbpedia.org/ontology/birthPlace","http://dbpedia.org/resource/Kingdom_of_Sicily"
"http://dbpedia.org/resource/Antonello_da_Messina","http://dbpedia.org/ontology/birthPlace","http://dbpedia.org/resource/Messina"
"http://dbpedia.org/resource/Antonio_del_Pollaiuolo","http://dbpedia.org/ontology/birthPlace","http://dbpedia.org/resource/Florence"
"http://dbpedia.org/resource/Antonio_del_Pollaiuolo","http://dbpedia.org/ontology/birthPlace","http://dbpedia.org/resource/Republic_of_Florence"
"http://dbpedia.org/resource/Carlo_Crivelli","http://dbpedia.org/ontology/birthPlace","http://dbpedia.org/resource/Venice"
"http://dbpedia.org/resource/Carlo_Crivelli","http://dbpedia.org/ontology/birthPlace","http://dbpedia.org/resource/Italy"
"http://dbpedia.org/resource/Carlo_Crivelli","http://dbpedia.org/ontology/birthPlace","http://dbpedia.org/resource/Republic_of_Venice"
"http://dbpedia.org/resource/Cosimo_Rosselli","http://dbpedia.org/ontology/birthPlace","http://dbpedia.org/resource/Republic_of_Florence"
"http://dbpedia.org/resource/Luca_Signorelli","http://dbpedia.org/ontology/deathPlace","http://dbpedia.org/resource/Cortona"
"http://dbpedia.org/resource/Piero_della_Francesca","http://dbpedia.org/ontology/deathPlace","http://dbpedia.org/resource/Sansepolcro"
"http://dbpedia.org/resource/Piero_della_Francesca","http://dbpedia.org/ontology/deathPlace","http://dbpedia.org/resource/Republic_of_Florence"
"http://dbpedia.org/resource/Pietro_Paolo_Agabito","http://dbpedia.org/ontology/deathPlace","http://dbpedia.org/resource/Cupramontana"
"http://dbpedia.org/resource/Pietro_Paolo_Agabito","http://dbpedia.org/ontology/deathPlace","http://dbpedia.org/resource/Italy"
"http://dbpedia.org/resource/Pietro_Paolo_Agabito","http://dbpedia.org/ontology/deathPlace","http://dbpedia.org/resource/Marche"
"http://dbpedia.org/resource/Pietro_Perugino","http://dbpedia.org/ontology/deathPlace","http://dbpedia.org/resource/Fontignano"
"http://dbpedia.org/resource/Pietro_Perugino","http://dbpedia.org/ontology/deathPlace","http://dbpedia.org/resource/Papal_States"
"http://dbpedia.org/resource/Pinturicchio","http://dbpedia.org/ontology/deathPlace","http://dbpedia.org/resource/Siena"
"http://dbpedia.org/resource/Pinturicchio","http://dbpedia.org/ontology/deathPlace","http://dbpedia.org/resource/Republic_of_Siena"
"http://dbpedia.org/resource/Plautilla_Nelli","http://dbpedia.org/ontology/deathPlace","http://dbpedia.org/resource/Florence"
"http://dbpedia.org/resource/Raphael","http://dbpedia.org/ontology/deathPlace","http://dbpedia.org/resource/Rome"
"http://dbpedia.org/resource/Raphael","http://dbpedia.org/ontology/deathPlace","http://dbpedia.org/resource/Papal_States"
"http://dbpedia.org/resource/Il_Sodoma","http://dbpedia.org/ontology/deathPlace","http://dbpedia.org/resource/Siena"
"http://dbpedia.org/resource/Antonello_da_Messina","http://dbpedia.org/ontology/deathPlace","http://dbpedia.org/resource/Kingdom_of_Sicily"
"http://dbpedia.org/resource/Antonello_da_Messina","http://dbpedia.org/ontology/deathPlace","http://dbpedia.org/resource/Messina"
"http://dbpedia.org/resource/Antonio_del_Pollaiuolo","http://dbpedia.org/ontology/deathPlace","http://dbpedia.org/resource/Rome"
"http://dbpedia.org/resource/Antonio_del_Pollaiuolo","http://dbpedia.org/ontology/deathPlace","http://dbpedia.org/resource/Papal_States"
"http://dbpedia.org/resource/Carlo_Crivelli","http://dbpedia.org/ontology/deathPlace","http://dbpedia.org/resource/Ascoli_Piceno"
"http://dbpedia.org/resource/Carlo_Crivelli","http://dbpedia.org/ontology/deathPlace","http://dbpedia.org/resource/Papal_States"
"http://dbpedia.org/resource/Luca_Signorelli","http://dbpedia.org/ontology/movement","http://dbpedia.org/resource/Renaissance"
"http://dbpedia.org/resource/Piero_della_Francesca","http://dbpedia.org/ontology/movement","http://dbpedia.org/resource/Italian_Renaissance"
"http://dbpedia.org/resource/Pietro_Perugino","http://dbpedia.org/ontology/movement","http://dbpedia.org/resource/Italian_Renaissance"
"http://dbpedia.org/resource/Pinturicchio","http://dbpedia.org/ontology/movement","http://dbpedia.org/resource/Italian_Renaissance"
"http://dbpedia.org/resource/Raphael","http://dbpedia.org/ontology/movement","http://dbpedia.org/resource/High_Renaissance"
"http://dbpedia.org/resource/Il_Sodoma","http://dbpedia.org/ontology/movement","http://dbpedia.org/resource/High_Renaissance"
"http://dbpedia.org/resource/Antonello_da_Messina","http://dbpedia.org/ontology/movement","http://dbpedia.org/resource/Italian_Renaissance"
"http://dbpedia.org/resource/Carlo_Crivelli","http://dbpedia.org/ontology/movement","http://dbpedia.org/resource/Renaissance"
"http://dbpedia.org/resource/Carlo_Crivelli","http://dbpedia.org/ontology/movement","http://dbpedia.org/resource/Gothic_art"
"http://dbpedia.org/resource/Cosimo_Rosselli","http://dbpedia.org/ontology/movement","http://dbpedia.org/resource/High_Renaissance"
"http://dbpedia.org/resource/Piero_della_Francesca","http://dbpedia.org/ontology/notableWork","http://dbpedia.org/resource/The_Baptism_of_Christ_(Piero_della_Francesca)"
"http://dbpedia.org/resource/Piero_della_Francesca","http://dbpedia.org/ontology/notableWork","http://dbpedia.org/resource/Flagellation_of_Christ_(Piero_della_Francesca)"
"http://dbpedia.org/resource/Piero_della_Francesca","http://dbpedia.org/ontology/notableWork","http://dbpedia.org/resource/Brera_Madonna"
"http://dbpedia.org/resource/Pietro_Perugino","http://dbpedia.org/ontology/notableWork","http://dbpedia.org/resource/Delivery_of_the_Keys_(Perugino)"
"http://dbpedia.org/resource/Raphael","http://dbpedia.org/ontology/notableWork","http://dbpedia.org/resource/Transfiguration_(Raphael)"
"http://dbpedia.org/resource/Raphael","http://dbpedia.org/ontology/notableWork","http://dbpedia.org/resource/Raphael_Rooms"
"http://dbpedia.org/resource/Raphael","http://dbpedia.org/ontology/notableWork","http://dbpedia.org/resource/Sistine_Madonna"
"http://dbpedia.org/resource/Antonio_del_Pollaiuolo","http://dbpedia.org/ontology/notableWork","http://dbpedia.org/resource/Battle_of_the_Nudes_(engraving)"
"http://dbpedia.org/resource/Pietro_Perugino","http://dbpedia.org/ontology/training","http://dbpedia.org/resource/Andrea_del_Verrocchio"
"http://dbpedia.org/resource/Pinturicchio","http://dbpedia.org/ontology/training","http://dbpedia.org/resource/Pietro_Perugino"
"http://dbpedia.org/resource/Il_Sodoma","http://dbpedia.org/ontology/training","http://dbpedia.org/resource/Gerolamo_Giovenone"
"http://dbpedia.org/resource/Il_Sodoma","http://dbpedia.org/ontology/training","http://dbpedia.org/resource/Giovanni_Martino_Spanzotti"
"http://dbpedia.org/resource/Raphael","http://dbpedia.org/ontology/restingPlace","http://dbpedia.org/resource/Rome"
"http://dbpedia.org/resource/Raphael","http://dbpedia.org/ontology/restingPlace","http://dbpedia.org/resource/Pantheon,_Rome"
"http://dbpedia.org/resource/Piero_della_Francesca","http://dbpedia.org/ontology/field","http://dbpedia.org/resource/Fresco"
"http://dbpedia.org/resource/Piero_della_Francesca","http://dbpedia.org/ontology/field","http://dbpedia.org/resource/Painting"
"http://dbpedia.org/resource/Pietro_Perugino","http://dbpedia.org/ontology/field","http://dbpedia.org/resource/Fresco"
"http://dbpedia.org/resource/Pietro_Perugino","http://dbpedia.org/ontology/field","http://dbpedia.org/resource/Painting"
"http://dbpedia.org/resource/Pinturicchio","http://dbpedia.org/ontology/field","http://dbpedia.org/resource/Fresco"
"http://dbpedia.org/resource/Pinturicchio","http://dbpedia.org/ontology/field","http://dbpedia.org/resource/Painting"
"http://dbpedia.org/resource/Raphael","http://dbpedia.org/ontology/field","http://dbpedia.org/resource/Architecture"
"http://dbpedia.org/resource/Raphael","http://dbpedia.org/ontology/field","http://dbpedia.org/resource/Painting"
"http://dbpedia.org/resource/Antonello_da_Messina","http://dbpedia.org/ontology/field","http://dbpedia.org/resource/Painting"
"http://dbpedia.org/resource/Antonio_del_Pollaiuolo","http://dbpedia.org/ontology/field","http://dbpedia.org/resource/Sculpture"
"http://dbpedia.org/resource/Antonio_del_Pollaiuolo","http://dbpedia.org/ontology/field","http://dbpedia.org/resource/Goldsmith"
"http://dbpedia.org/resource/Antonio_del_Pollaiuolo","http://dbpedia.org/ontology/field","http://dbpedia.org/resource/Engraving"
"http://dbpedia.org/resource/Cosimo_Rosselli","http://dbpedia.org/ontology/field","http://dbpedia.org/resource/Painting"
"http://dbpedia.org/resource/Piero_della_Francesca","http://dbpedia.org/ontology/nationality","http://dbpedia.org/resource/Italians"
"http://dbpedia.org/resource/Pietro_Paolo_Agabito","http://dbpedia.org/ontology/nationality","http://dbpedia.org/resource/Italians"
"http://dbpedia.org/resource/Pietro_Perugino","http://dbpedia.org/ontology/nationality","http://dbpedia.org/resource/Italians"
"http://dbpedia.org/resource/Pinturicchio","http://dbpedia.org/ontology/nationality","http://dbpedia.org/resource/Italians"
"http://dbpedia.org/resource/Il_Sodoma","http://dbpedia.org/ontology/nationality","http://dbpedia.org/resource/Italy"
"http://dbpedia.org/resource/Antonello_da_Messina","http://dbpedia.org/ontology/nationality","http://dbpedia.org/resource/Italy"
"http://dbpedia.org/resource/Andrea_Sabbatini","http://dbpedia.org/ontology/occupation","http://dbpedia.org/resource/Painting"
"http://dbpedia.org/resource/Andrea_Sabbatini","http://dbpedia.org/ontology/occupation","http://dbpedia.org/resource/Andrea_Sabbatini__PersonFunction__1"
"http://dbpedia.org/resource/Pietro_Paolo_Agabito","http://dbpedia.org/ontology/occupation","http://dbpedia.org/resource/Pietro_Paolo_Agabito__PersonFunction__1"
"http://dbpedia.org/resource/Raphael","http://dbpedia.org/ontology/parent","http://dbpedia.org/resource/Giovanni_Santi"
"http://dbpedia.org/resource/Pietro_Paolo_Agabito","http://dbpedia.org/ontology/stateOfOrigin","http://dbpedia.org/resource/Italians"
"http://dbpedia.org/resource/Francesco_Xanto_Avelli","http://dbpedia.org/ontology/field","http://dbpedia.org/resource/Maiolica"
"http://dbpedia.org/resource/Andrea_Mantegna","http://dbpedia.org/ontology/birthPlace","http://dbpedia.org/resource/Republic_of_Venice"
"http://dbpedia.org/resource/Andrea_Solari","http://dbpedia.org/ontology/birthPlace","http://dbpedia.org/resource/Lombardy"
"http://dbpedia.org/resource/Andrea_Solari","http://dbpedia.org/ontology/birthPlace","http://dbpedia.org/resource/Milan"
"http://dbpedia.org/resource/Andrea_del_Verrocchio","http://dbpedia.org/ontology/birthPlace","http://dbpedia.org/resource/Florence"
"http://dbpedia.org/resource/Andrea_del_Verrocchio","http://dbpedia.org/ontology/birthPlace","http://dbpedia.org/resource/Republic_of_Florence"
"http://dbpedia.org/resource/Benozzo_Gozzoli","http://dbpedia.org/ontology/birthPlace","http://dbpedia.org/resource/Scandicci"
"http://dbpedia.org/resource/Benozzo_Gozzoli","http://dbpedia.org/ontology/birthPlace","http://dbpedia.org/resource/Republic_of_Florence"
"http://dbpedia.org/resource/Fra_Bartolomeo","http://dbpedia.org/ontology/birthPlace","http://dbpedia.org/resource/Prato"
"http://dbpedia.org/resource/Fra_Bartolomeo","http://dbpedia.org/ontology/birthPlace","http://dbpedia.org/resource/Tuscany"
"http://dbpedia.org/resource/Francesco_Melzi","http://dbpedia.org/ontology/birthPlace","http://dbpedia.org/resource/Italy"
"http://dbpedia.org/resource/Titian","http://dbpedia.org/ontology/birthPlace","http://dbpedia.org/resource/Pieve_di_Cadore"
"http://dbpedia.org/resource/Titian","http://dbpedia.org/ontology/birthPlace","http://dbpedia.org/resource/Republic_of_Venice"
"http://dbpedia.org/resource/Dosso_Dossi","http://dbpedia.org/ontology/birthPlace","http://dbpedia.org/resource/Mantua"
"http://dbpedia.org/resource/Andrea_Mantegna","http://dbpedia.org/ontology/deathPlace","http://dbpedia.org/resource/Mantua"
"http://dbpedia.org/resource/Andrea_Solari","http://dbpedia.org/ontology/deathPlace","http://dbpedia.org/resource/Lombardy"
"http://dbpedia.org/resource/Andrea_Solari","http://dbpedia.org/ontology/deathPlace","http://dbpedia.org/resource/Milan"
"http://dbpedia.org/resource/Andrea_del_Sarto","http://dbpedia.org/ontology/deathPlace","http://dbpedia.org/resource/Florence"
"http://dbpedia.org/resource/Andrea_del_Sarto","http://dbpedia.org/ontology/deathPlace","http://dbpedia.org/resource/Republic_of_Florence"
"http://dbpedia.org/resource/Andrea_del_Verrocchio","http://dbpedia.org/ontology/deathPlace","http://dbpedia.org/resource/Venice"
"http://dbpedia.org/resource/Andrea_del_Verrocchio","http://dbpedia.org/ontology/deathPlace","http://dbpedia.org/resource/Republic_of_Venice"
"http://dbpedia.org/resource/Benozzo_Gozzoli","http://dbpedia.org/ontology/deathPlace","http://dbpedia.org/resource/Pistoia"
"http://dbpedia.org/resource/Benozzo_Gozzoli","http://dbpedia.org/ontology/deathPlace","http://dbpedia.org/resource/Republic_of_Florence"
"http://dbpedia.org/resource/Fra_Bartolomeo","http://dbpedia.org/ontology/deathPlace","http://dbpedia.org/resource/Florence"
"http://dbpedia.org/resource/Francesco_Melzi","http://dbpedia.org/ontology/deathPlace","http://dbpedia.org/resource/Italy"
"http://dbpedia.org/resource/Francesco_Torbido","http://dbpedia.org/ontology/deathPlace","http://dbpedia.org/resource/Verona"
"http://dbpedia.org/resource/Titian","http://dbpedia.org/ontology/deathPlace","http://dbpedia.org/resource/Venice"
"http://dbpedia.org/resource/Titian","http://dbpedia.org/ontology/deathPlace","http://dbpedia.org/resource/Republic_of_Venice"
"http://dbpedia.org/resource/Dosso_Dossi","http://dbpedia.org/ontology/deathPlace","http://dbpedia.org/resource/Ferrara"
"http://dbpedia.org/resource/Andrea_Mantegna","http://dbpedia.org/ontology/movement","http://dbpedia.org/resource/Italian_Renaissance"
"http://dbpedia.org/resource/Andrea_Solari","http://dbpedia.org/ontology/movement","http://dbpedia.org/resource/Renaissance"
"http://dbpedia.org/resource/Andrea_del_Sarto","http://dbpedia.org/ontology/movement","http://dbpedia.org/resource/High_Renaissance"
"http://dbpedia.org/resource/Andrea_del_Sarto","http://dbpedia.org/ontology/movement","http://dbpedia.org/resource/Mannerism"
"http://dbpedia.org/resource/Andrea_del_Verrocchio","http://dbpedia.org/ontology/movement","http://dbpedia.org/resource/Italian_Renaissance"
"http://dbpedia.org/resource/Benozzo_Gozzoli","http://dbpedia.org/ontology/movement","http://dbpedia.org/resource/Italian_Renaissance_painting"
"http://dbpedia.org/resource/Francesco_Melzi","http://dbpedia.org/ontology/movement","http://dbpedia.org/resource/Renaissance"
"http://dbpedia.org/resource/Dosso_Dossi","http://dbpedia.org/ontology/movement","http://dbpedia.org/resource/Italian_Renaissance"
"http://dbpedia.org/resource/Andrea_Mantegna","http://dbpedia.org/ontology/notableWork","http://dbpedia.org/resource/Camera_degli_Sposi"
"http://dbpedia.org/resource/Andrea_Mantegna","http://dbpedia.org/ontology/notableWork","http://dbpedia.org/resource/Agony_in_the_Garden_(Mantegna,_London)"
"http://dbpedia.org/resource/Andrea_Mantegna","http://dbpedia.org/ontology/notableWork","http://dbpedia.org/resource/St._Sebastian_(Mantegna)"
"http://dbpedia.org/resource/Andrea_Solari","http://dbpedia.org/ontology/notableWork","http://dbpedia.org/resource/Charles_VIII_of_France"
"http://dbpedia.org/resource/Andrea_Solari","http://dbpedia.org/ontology/notableWork","http://dbpedia.org/resource/Madonna_with_the_Green_Cushion"
"http://dbpedia.org/resource/Andrea_del_Sarto","http://dbpedia.org/ontology/notableWork","http://dbpedia.org/resource/Madonna_of_the_Harpies"
"http://dbpedia.org/resource/Andrea_del_Sarto","http://dbpedia.org/ontology/notableWork","http://dbpedia.org/resource/Nativity_of_the_Virgin_(del_Sarto)"
"http://dbpedia.org/resource/Andrea_del_Verrocchio","http://dbpedia.org/ontology/notableWork","http://dbpedia.org/resource/Equestrian_statue_of_Bartolomeo_Colleoni"
"http://dbpedia.org/resource/Andrea_del_Verrocchio","http://dbpedia.org/ontology/notableWork","http://dbpedia.org/resource/David_(Verrocchio)"
"http://dbpedia.org/resource/Andrea_del_Verrocchio","http://dbpedia.org/ontology/notableWork","http://dbpedia.org/resource/Christ_and_St._Thomas_(Verrocchio)"
"http://dbpedia.org/resource/Andrea_del_Verrocchio","http://dbpedia.org/ontology/notableWork","http://dbpedia.org/resource/Tobias_and_the_Angel_(Verrocchio)"
"http://dbpedia.org/resource/Andrea_Mantegna","http://dbpedia.org/ontology/training","http://dbpedia.org/resource/Francesco_Squarcione"
"http://dbpedia.org/resource/Andrea_Solari","http://dbpedia.org/ontology/training","http://dbpedia.org/resource/Antonello_da_Messina"
"http://dbpedia.org/resource/Dosso_Dossi","http://dbpedia.org/ontology/training","http://dbpedia.org/resource/Lorenzo_Costa"
"http://dbpedia.org/resource/Andrea_Mantegna","http://dbpedia.org/ontology/field","http://dbpedia.org/resource/Fresco"
"http://dbpedia.org/resource/Andrea_Mantegna","http://dbpedia.org/ontology/field","http://dbpedia.org/resource/Painting"
"http://dbpedia.org/resource/Andrea_Solari","http://dbpedia.org/ontology/field","http://dbpedia.org/resource/Painting"
"http://dbpedia.org/resource/Andrea_del_Sarto","http://dbpedia.org/ontology/field","http://dbpedia.org/resource/Painting"
"http://dbpedia.org/resource/Andrea_del_Verrocchio","http://dbpedia.org/ontology/field","http://dbpedia.org/resource/Sculpture"
"http://dbpedia.org/resource/Andrea_del_Verrocchio","http://dbpedia.org/ontology/field","http://dbpedia.org/resource/Painting"
"http://dbpedia.org/resource/Benozzo_Gozzoli","http://dbpedia.org/ontology/field","http://dbpedia.org/resource/Fresco"
"http://dbpedia.org/resource/Benozzo_Gozzoli","http://dbpedia.org/ontology/field","http://dbpedia.org/resource/Painting"
"http://dbpedia.org/resource/Andrea_Solari","http://dbpedia.org/ontology/nationality","http://dbpedia.org/resource/Italians"
"http://dbpedia.org/resource/Andrea_del_Sarto","http://dbpedia.org/ontology/nationality","http://dbpedia.org/resource/Italians"
"http://dbpedia.org/resource/Andrea_del_Sarto","http://dbpedia.org/ontology/nationality","http://dbpedia.org/resource/Republic_of_Florence"
"http://dbpedia.org/resource/Benozzo_Gozzoli","http://dbpedia.org/ontology/nationality","http://dbpedia.org/resource/Florence"
"http://dbpedia.org/resource/Titian","http://dbpedia.org/ontology/nationality","http://dbpedia.org/resource/Republic_of_Venice"
"http://dbpedia.org/resource/Dosso_Dossi","http://dbpedia.org/ontology/nationality","http://dbpedia.org/resource/Italy"
"http://dbpedia.org/resource/Francesco_Torbido","http://dbpedia.org/ontology/occupation","http://dbpedia.org/resource/Francesco_Torbido__PersonFunction__1"
"http://dbpedia.org/resource/Titian","http://dbpedia.org/ontology/occupation","http://dbpedia.org/resource/Italian_Renaissance"
"http://dbpedia.org/resource/Titian","http://dbpedia.org/ontology/occupation","http://dbpedia.org/resource/Titian__PersonFunction__1"
"http://dbpedia.org/resource/Titian","http://dbpedia.org/ontology/stateOfOrigin","http://dbpedia.org/resource/Republic_of_Venice"
"http://dbpedia.org/resource/Giampietro_Silvio","http://dbpedia.org/ontology/birthPlace","http://dbpedia.org/resource/Venice"
"http://dbpedia.org/resource/Baldassare_Peruzzi","http://dbpedia.org/ontology/birthPlace","http://dbpedia.org/resource/Siena"
"http://dbpedia.org/resource/Baldassare_Peruzzi","http://dbpedia.org/ontology/birthPlace","http://dbpedia.org/resource/Republic_of_Siena"
"http://dbpedia.org/resource/Giampietro_Silvio","http://dbpedia.org/ontology/deathPlace","http://dbpedia.org/resource/Venice"
"http://dbpedia.org/resource/Baldassare_Peruzzi","http://dbpedia.org/ontology/deathPlace","http://dbpedia.org/resource/Rome"
"http://dbpedia.org/resource/Baldassare_Peruzzi","http://dbpedia.org/ontology/deathPlace","http://dbpedia.org/resource/Papal_States"
"http://dbpedia.org/resource/Jacopo_da_Sellaio","http://dbpedia.org/ontology/birthPlace","http://dbpedia.org/resource/Florence"
"http://dbpedia.org/resource/Cosmè_Tura","http://dbpedia.org/ontology/birthPlace","http://dbpedia.org/resource/Ferrara"
"http://dbpedia.org/resource/Mariangiola_Criscuolo","http://dbpedia.org/ontology/birthPlace","http://dbpedia.org/resource/Naples"
"http://dbpedia.org/resource/Masaccio","http://dbpedia.org/ontology/birthPlace","http://dbpedia.org/resource/San_Giovanni_Valdarno"
"http://dbpedia.org/resource/Masaccio","http://dbpedia.org/ontology/birthPlace","http://dbpedia.org/resource/Republic_of_Florence"
"http://dbpedia.org/resource/Elena_Anguissola","http://dbpedia.org/ontology/birthPlace","http://dbpedia.org/resource/Lombardy"
"http://dbpedia.org/resource/Elena_Anguissola","http://dbpedia.org/ontology/birthPlace","http://dbpedia.org/resource/Cremona"
"http://dbpedia.org/resource/Elena_Anguissola","http://dbpedia.org/ontology/birthPlace","http://dbpedia.org/resource/Italy"
"http://dbpedia.org/resource/Eusebio_da_San_Giorgio","http://dbpedia.org/ontology/birthPlace","http://dbpedia.org/resource/Italy"
"http://dbpedia.org/resource/Eusebio_da_San_Giorgio","http://dbpedia.org/ontology/birthPlace","http://dbpedia.org/resource/Perugia"
"http://dbpedia.org/resource/Jacopo_da_Sellaio","http://dbpedia.org/ontology/deathPlace","http://dbpedia.org/resource/Florence"
"http://dbpedia.org/resource/Cosmè_Tura","http://dbpedia.org/ontology/deathPlace","http://dbpedia.org/resource/Ferrara"
"http://dbpedia.org/resource/Masaccio","http://dbpedia.org/ontology/deathPlace","http://dbpedia.org/resource/Rome"
"http://dbpedia.org/resource/Masaccio","http://dbpedia.org/ontology/deathPlace","http://dbpedia.org/resource/Papal_States"
"http://dbpedia.org/resource/Elena_Anguissola","http://dbpedia.org/ontology/deathPlace","http://dbpedia.org/resource/Italy"
"http://dbpedia.org/resource/Elena_Anguissola","http://dbpedia.org/ontology/deathPlace","http://dbpedia.org/resource/Mantua"
"http://dbpedia.org/resource/Baldassare_Peruzzi","http://dbpedia.org/ontology/movement","http://dbpedia.org/resource/High_Renaissance"
"http://dbpedia.org/resource/Baldassare_Peruzzi","http://dbpedia.org/ontology/movement","http://dbpedia.org/resource/Mannerism"
"http://dbpedia.org/resource/Cosmè_Tura","http://dbpedia.org/ontology/movement","http://dbpedia.org/resource/Renaissance"
"http://dbpedia.org/resource/Cosmè_Tura","http://dbpedia.org/ontology/movement","http://dbpedia.org/resource/Quattrocento"
"http://dbpedia.org/resource/Masaccio","http://dbpedia.org/ontology/movement","http://dbpedia.org/resource/Renaissance"
"http://dbpedia.org/resource/Elena_Anguissola","http://dbpedia.org/ontology/movement","http://dbpedia.org/resource/Renaissance"
"http://dbpedia.org/resource/Eusebio_da_San_Giorgio","http://dbpedia.org/ontology/movement","http://dbpedia.org/resource/Renaissance"
"http://dbpedia.org/resource/Baldassare_Peruzzi","http://dbpedia.org/ontology/notableWork","http://dbpedia.org/resource/Palazzo_Massimo_alle_Colonne"
"http://dbpedia.org/resource/Baldassare_Peruzzi","http://dbpedia.org/ontology/notableWork","http://dbpedia.org/resource/Villa_Farnesina"
"http://dbpedia.org/resource/Masaccio","http://dbpedia.org/ontology/notableWork","http://dbpedia.org/resource/Pisa_Altarpiece"
"http://dbpedia.org/resource/Masaccio","http://dbpedia.org/ontology/notableWork","http://dbpedia.org/resource/The_Tribute_Money_(Masaccio)"
"http://dbpedia.org/resource/Masaccio","http://dbpedia.org/ontology/notableWork","http://dbpedia.org/resource/Brancacci_Chapel"
"http://dbpedia.org/resource/Masaccio","http://dbpedia.org/ontology/notableWork","http://dbpedia.org/resource/Holy_Trinity_(Masaccio)"
"http://dbpedia.org/resource/Jacopo_da_Sellaio","http://dbpedia.org/ontology/training","http://dbpedia.org/resource/Filippo_Lippi"
"http://dbpedia.org/resource/Elena_Anguissola","http://dbpedia.org/ontology/training","http://dbpedia.org/resource/Bernardino_Campi"
"http://dbpedia.org/resource/Elena_Anguissola","http://dbpedia.org/ontology/training","http://dbpedia.org/resource/Bernardino_Gatti"
"http://dbpedia.org/resource/Mariangiola_Criscuolo","http://dbpedia.org/ontology/field","http://dbpedia.org/resource/Painting"
"http://dbpedia.org/resource/Masaccio","http://dbpedia.org/ontology/field","http://dbpedia.org/resource/Fresco"
"http://dbpedia.org/resource/Masaccio","http://dbpedia.org/ontology/field","http://dbpedia.org/resource/Painting"
"http://dbpedia.org/resource/Eusebio_da_San_Giorgio","http://dbpedia.org/ontology/field","http://dbpedia.org/resource/Art"
"http://dbpedia.org/resource/Baldassare_Peruzzi","http://dbpedia.org/ontology/nationality","http://dbpedia.org/resource/Italy"
"http://dbpedia.org/resource/Jacopo_da_Sellaio","http://dbpedia.org/ontology/nationality","http://dbpedia.org/resource/Italians"
"http://dbpedia.org/resource/Cosmè_Tura","http://dbpedia.org/ontology/nationality","http://dbpedia.org/resource/Italy"
"http://dbpedia.org/resource/Masaccio","http://dbpedia.org/ontology/nationality","http://dbpedia.org/resource/Italy"
"http://dbpedia.org/resource/Elena_Anguissola","http://dbpedia.org/ontology/nationality","http://dbpedia.org/resource/Italians"
"http://dbpedia.org/resource/Eusebio_da_San_Giorgio","http://dbpedia.org/ontology/nationality","http://dbpedia.org/resource/Italy"
"http://dbpedia.org/resource/Mariangiola_Criscuolo","http://dbpedia.org/ontology/spouse","http://dbpedia.org/resource/Giovanni_Antonio_Amato"
"http://dbpedia.org/resource/Claudio_Ridolfi","http://dbpedia.org/ontology/birthPlace","http://dbpedia.org/resource/Verona"
"http://dbpedia.org/resource/Padovanino","http://dbpedia.org/ontology/birthPlace","http://dbpedia.org/resource/Padua"
"http://dbpedia.org/resource/Palma_Vecchio","http://dbpedia.org/ontology/birthPlace","http://dbpedia.org/resource/Bergamo"
"http://dbpedia.org/resource/Palma_Vecchio","http://dbpedia.org/ontology/birthPlace","http://dbpedia.org/resource/Republic_of_Venice"
"http://dbpedia.org/resource/Paolo_Veronese","http://dbpedia.org/ontology/birthPlace","http://dbpedia.org/resource/Verona"
"http://dbpedia.org/resource/Paolo_Veronese","http://dbpedia.org/ontology/birthPlace","http://dbpedia.org/resource/Republic_of_Venice"
"http://dbpedia.org/resource/Vincenzo_Foppa","http://dbpedia.org/ontology/birthPlace","http://dbpedia.org/resource/Bagnolo_Mella"
"http://dbpedia.org/resource/Vincenzo_Foppa","http://dbpedia.org/ontology/birthPlace","http://dbpedia.org/resource/Italy"
"http://dbpedia.org/resource/Vittore_Carpaccio","http://dbpedia.org/ontology/birthPlace","http://dbpedia.org/resource/Venice"
"http://dbpedia.org/resource/Vittore_Carpaccio","http://dbpedia.org/ontology/birthPlace","http://dbpedia.org/resource/Italy"
"http://dbpedia.org/resource/Vittore_Carpaccio","http://dbpedia.org/ontology/birthPlace","http://dbpedia.org/resource/Republic_of_Venice"
"http://dbpedia.org/resource/Claudio_Ridolfi","http://dbpedia.org/ontology/deathPlace","http://dbpedia.org/resource/Ancona"
"http://dbpedia.org/resource/Padovanino","http://dbpedia.org/ontology/deathPlace","http://dbpedia.org/resource/Venice"
"http://dbpedia.org/resource/Palma_Vecchio","http://dbpedia.org/ontology/deathPlace","http://dbpedia.org/resource/Venice"
"http://dbpedia.org/resource/Palma_Vecchio","http://dbpedia.org/ontology/deathPlace","http://dbpedia.org/resource/Republic_of_Venice"
"http://dbpedia.org/resource/Paolo_Veronese","http://dbpedia.org/ontology/deathPlace","http://dbpedia.org/resource/Venice"
"http://dbpedia.org/resource/Paolo_Veronese","http://dbpedia.org/ontology/deathPlace","http://dbpedia.org/resource/Republic_of_Venice"
"http://dbpedia.org/resource/Vincenzo_Foppa","http://dbpedia.org/ontology/deathPlace","http://dbpedia.org/resource/Brescia"
"http://dbpedia.org/resource/Vincenzo_Foppa","http://dbpedia.org/ontology/deathPlace","http://dbpedia.org/resource/Italy"
"http://dbpedia.org/resource/Vittore_Carpaccio","http://dbpedia.org/ontology/deathPlace","http://dbpedia.org/resource/Venice"
"http://dbpedia.org/resource/Vittore_Carpaccio","http://dbpedia.org/ontology/deathPlace","http://dbpedia.org/resource/Republic_of_Venice"
"http://dbpedia.org/resource/Claudio_Ridolfi","http://dbpedia.org/ontology/movement","http://dbpedia.org/resource/Baroque"
"http://dbpedia.org/resource/Padovanino","http://dbpedia.org/ontology/movement","http://dbpedia.org/resource/Mannerism"
"http://dbpedia.org/resource/Palma_Vecchio","http://dbpedia.org/ontology/movement","http://dbpedia.org/resource/High_Renaissance"
"http://dbpedia.org/resource/Paolo_Veronese","http://dbpedia.org/ontology/movement","http://dbpedia.org/resource/Renaissance"
"http://dbpedia.org/resource/Paolo_Veronese","http://dbpedia.org/ontology/movement","http://dbpedia.org/resource/Venetian_painting"
"http://dbpedia.org/resource/Paolo_Veronese","http://dbpedia.org/ontology/movement","http://dbpedia.org/resource/Mannerism"
"http://dbpedia.org/resource/Vincenzo_Foppa","http://dbpedia.org/ontology/movement","http://dbpedia.org/resource/Italian_Renaissance"
"http://dbpedia.org/resource/Vincenzo_Foppa","http://dbpedia.org/ontology/notableWork","http://dbpedia.org/resource/Portinari_Chapel"
"http://dbpedia.org/resource/Paolo_Veronese","http://dbpedia.org/ontology/field","http://dbpedia.org/resource/Painting"
"http://dbpedia.org/resource/Claudio_Ridolfi","http://dbpedia.org/ontology/nationality","http://dbpedia.org/resource/Italy"
"http://dbpedia.org/resource/Padovanino","http://dbpedia.org/ontology/nationality","http://dbpedia.org/resource/Italians"
"http://dbpedia.org/resource/Palma_Vecchio","http://dbpedia.org/ontology/nationality","http://dbpedia.org/resource/Italy"
"http://dbpedia.org/resource/Paolo_Veronese","http://dbpedia.org/ontology/nationality","http://dbpedia.org/resource/Republic_of_Venice"
"http://dbpedia.org/resource/Vincenzo_Foppa","http://dbpedia.org/ontology/nationality","http://dbpedia.org/resource/Italy"
"http://dbpedia.org/resource/Vittore_Carpaccio","http://dbpedia.org/ontology/nationality","http://dbpedia.org/resource/Italians"
"http://dbpedia.org/resource/Giorgione","http://dbpedia.org/ontology/birthPlace","http://dbpedia.org/resource/Castelfranco_Veneto"
"http://dbpedia.org/resource/Giorgione","http://dbpedia.org/ontology/birthPlace","http://dbpedia.org/resource/Republic_of_Venice"
"http://dbpedia.org/resource/Giovanni_Bellini","http://dbpedia.org/ontology/birthPlace","http://dbpedia.org/resource/Veneto"
"http://dbpedia.org/resource/Giovanni_Bellini","http://dbpedia.org/ontology/birthPlace","http://dbpedia.org/resource/Venice"
"http://dbpedia.org/resource/Giovanni_Bellini","http://dbpedia.org/ontology/birthPlace","http://dbpedia.org/resource/Italy"
"http://dbpedia.org/resource/Giovanni_Bellini","http://dbpedia.org/ontology/birthPlace","http://dbpedia.org/resource/Republic_of_Venice"
"http://dbpedia.org/resource/Stefano_di_Giovanni","http://dbpedia.org/ontology/birthPlace","http://dbpedia.org/resource/Cortona"
"http://dbpedia.org/resource/Stefano_di_Giovanni","http://dbpedia.org/ontology/birthPlace","http://dbpedia.org/resource/Siena"
"http://dbpedia.org/resource/Bernardino_Loschi","http://dbpedia.org/ontology/birthPlace","http://dbpedia.org/resource/Parma"
"http://dbpedia.org/resource/Melozzo_da_Forlì","http://dbpedia.org/ontology/birthPlace","http://dbpedia.org/resource/Forlì"
"http://dbpedia.org/resource/Michelangelo","http://dbpedia.org/ontology/birthPlace","http://dbpedia.org/resource/Caprese_Michelangelo"
"http://dbpedia.org/resource/Michelangelo","http://dbpedia.org/ontology/birthPlace","http://dbpedia.org/resource/Republic_of_Florence"
"http://dbpedia.org/resource/Michele_Alberti","http://dbpedia.org/ontology/birthPlace","http://dbpedia.org/resource/Sansepolcro"
"http://dbpedia.org/resource/Michele_Alberti","http://dbpedia.org/ontology/birthPlace","http://dbpedia.org/resource/Tuscany"
"http://dbpedia.org/resource/Giorgione","http://dbpedia.org/ontology/deathPlace","http://dbpedia.org/resource/Venice"
"http://dbpedia.org/resource/Giorgione","http://dbpedia.org/ontology/deathPlace","http://dbpedia.org/resource/Republic_of_Venice"
"http://dbpedia.org/resource/Giovanni_Bellini","http://dbpedia.org/ontology/deathPlace","http://dbpedia.org/resource/Venice"
"http://dbpedia.org/resource/Giovanni_Bellini","http://dbpedia.org/ontology/deathPlace","http://dbpedia.org/resource/Italy"
"http://dbpedia.org/resource/Giovanni_Bellini","http://dbpedia.org/ontology/deathPlace","http://dbpedia.org/resource/Republic_of_Venice"
"http://dbpedia.org/resource/Irene_di_Spilimbergo","http://dbpedia.org/ontology/deathPlace","http://dbpedia.org/resource/Venice"
"http://dbpedia.org/resource/Stefano_di_Giovanni","http://dbpedia.org/ontology/deathPlace","http://dbpedia.org/resource/Siena"
"http://dbpedia.org/resource/Bernardino_Loschi","http://dbpedia.org/ontology/deathPlace","http://dbpedia.org/resource/Carpi,_Emilia-Romagna"
"http://dbpedia.org/resource/Melozzo_da_Forlì","http://dbpedia.org/ontology/deathPlace","http://dbpedia.org/resource/Forlì"
"http://dbpedia.org/resource/Michelangelo","http://dbpedia.org/ontology/deathPlace","http://dbpedia.org/resource/Rome"
"http://dbpedia.org/resource/Michelangelo","http://dbpedia.org/ontology/deathPlace","http://dbpedia.org/resource/Papal_States"
"http://dbpedia.org/resource/Giorgione","http://dbpedia.org/ontology/movement","http://dbpedia.org/resource/High_Renaissance"
"http://dbpedia.org/resource/Giovanni_Bellini","http://dbpedia.org/ontology/movement","http://dbpedia.org/resource/Venetian_Renaissance"
"http://dbpedia.org/resource/Bernardino_Loschi","http://dbpedia.org/ontology/movement","http://dbpedia.org/resource/Renaissance"
"http://dbpedia.org/resource/Melozzo_da_Forlì","http://dbpedia.org/ontology/movement","http://dbpedia.org/resource/Italian_Renaissance"
"http://dbpedia.org/resource/Michelangelo","http://dbpedia.org/ontology/movement","http://dbpedia.org/resource/High_Renaissance"
"http://dbpedia.org/resource/Giorgione","http://dbpedia.org/ontology/notableWork","http://dbpedia.org/resource/The_Three_Philosophers"
"http://dbpedia.org/resource/Giorgione","http://dbpedia.org/ontology/notableWork","http://dbpedia.org/resource/Castelfranco_Madonna"
"http://dbpedia.org/resource/Giorgione","http://dbpedia.org/ontology/notableWork","http://dbpedia.org/resource/The_Tempest_(Giorgione)"
"http://dbpedia.org/resource/Giorgione","http://dbpedia.org/ontology/notableWork","http://dbpedia.org/resource/Sleeping_Venus_(Giorgione)"
"http://dbpedia.org/resource/Melozzo_da_Forlì","http://dbpedia.org/ontology/notableWork","http://dbpedia.org/resource/Fresco"
"http://dbpedia.org/resource/Melozzo_da_Forlì","http://dbpedia.org/ontology/notableWork","http://dbpedia.org/resource/Basilica_della_Santa_Casa"
"http://dbpedia.org/resource/Michelangelo","http://dbpedia.org/ontology/notableWork","http://dbpedia.org/resource/Moses_(Michelangelo)"
"http://dbpedia.org/resource/Michelangelo","http://dbpedia.org/ontology/notableWork","http://dbpedia.org/resource/Pietà_(Michelangelo)"
"http://dbpedia.org/resource/Michelangelo","http://dbpedia.org/ontology/notableWork","http://dbpedia.org/resource/David_(Michelangelo)"
"http://dbpedia.org/resource/Michelangelo","http://dbpedia.org/ontology/notableWork","http://dbpedia.org/resource/The_Last_Judgment_(Michelangelo)"
"http://dbpedia.org/resource/Michelangelo","http://dbpedia.org/ontology/notableWork","http://dbpedia.org/resource/Sistine_Chapel_ceiling"
"http://dbpedia.org/resource/Giorgione","http://dbpedia.org/ontology/training","http://dbpedia.org/resource/Giovanni_Bellini"
"http://dbpedia.org/resource/Melozzo_da_Forlì","http://dbpedia.org/ontology/training","http://dbpedia.org/resource/Forlivese_school_of_art"
"http://dbpedia.org/resource/Michelangelo","http://dbpedia.org/ontology/field","http://dbpedia.org/resource/Poetry"
"http://dbpedia.org/resource/Michelangelo","http://dbpedia.org/ontology/field","http://dbpedia.org/resource/Sculpture"
"http://dbpedia.org/resource/Michelangelo","http://dbpedia.org/ontology/field","http://dbpedia.org/resource/Architecture"
"http://dbpedia.org/resource/Michelangelo","http://dbpedia.org/ontology/field","http://dbpedia.org/resource/Painting"
"http://dbpedia.org/resource/Giorgione","http://dbpedia.org/ontology/nationality","http://dbpedia.org/resource/Republic_of_Venice"
"http://dbpedia.org/resource/Giovanni_Bellini","http://dbpedia.org/ontology/nationality","http://dbpedia.org/resource/Republic_of_Venice"
"http://dbpedia.org/resource/Stefano_di_Giovanni","http://dbpedia.org/ontology/nationality","http://dbpedia.org/resource/Siena"
"http://dbpedia.org/resource/Bernardino_Loschi","http://dbpedia.org/ontology/nationality","http://dbpedia.org/resource/Italy"
"http://dbpedia.org/resource/Michele_Alberti","http://dbpedia.org/ontology/nationality","http://dbpedia.org/resource/Italy"
"http://dbpedia.org/resource/Michele_Alberti","http://dbpedia.org/ontology/stateOfOrigin","http://dbpedia.org/resource/Italy"
"http://dbpedia.org/resource/Orsino_Carota","http://dbpedia.org/ontology/birthPlace","http://dbpedia.org/resource/Assisi"
"http://dbpedia.org/resource/Orsino_Carota","http://dbpedia.org/ontology/birthPlace","http://dbpedia.org/resource/Perugia"
"http://dbpedia.org/resource/Orsino_Carota","http://dbpedia.org/ontology/occupation","http://dbpedia.org/resource/Orsino_Carota__PersonFunction__1"
