freq,p,o
61,http://dbpedia.org/ontology/genre,http://dbpedia.org/resource/Death_metal
29,http://dbpedia.org/ontology/hometown,http://dbpedia.org/resource/Stockholm
24,http://dbpedia.org/ontology/hometown,http://dbpedia.org/resource/Sweden
19,http://dbpedia.org/ontology/recordLabel,http://dbpedia.org/resource/Century_Media_Records
18,http://dbpedia.org/ontology/genre,http://dbpedia.org/resource/Melodic_death_metal
16,http://dbpedia.org/ontology/genre,http://dbpedia.org/resource/Black_metal
15,http://dbpedia.org/ontology/recordLabel,http://dbpedia.org/resource/Nuclear_Blast
14,http://dbpedia.org/ontology/genre,http://dbpedia.org/resource/Thrash_metal
12,http://dbpedia.org/ontology/associatedBand,http://dbpedia.org/resource/Entombed_(band)
12,http://dbpedia.org/ontology/associatedMusicalArtist,http://dbpedia.org/resource/Entombed_(band)
9,http://dbpedia.org/ontology/recordLabel,http://dbpedia.org/resource/Metal_Blade_Records
6,http://dbpedia.org/ontology/genre,http://dbpedia.org/resource/Technical_death_metal
6,http://dbpedia.org/ontology/associatedBand,http://dbpedia.org/resource/Bloodbath
6,http://dbpedia.org/ontology/hometown,http://dbpedia.org/resource/Gothenburg
6,http://dbpedia.org/ontology/recordLabel,http://dbpedia.org/resource/Relapse_Records
6,http://dbpedia.org/ontology/associatedMusicalArtist,http://dbpedia.org/resource/Bloodbath
6,http://dbpedia.org/ontology/genre,http://dbpedia.org/resource/Blackened_death_metal
6,http://dbpedia.org/ontology/recordLabel,http://dbpedia.org/resource/Candlelight_Records
5,http://dbpedia.org/ontology/associatedMusicalArtist,http://dbpedia.org/resource/Nihilist_(band)
5,http://dbpedia.org/ontology/genre,http://dbpedia.org/resource/Progressive_metal
5,http://dbpedia.org/ontology/formerBandMember,http://dbpedia.org/resource/Lars-Göran_Petrov
5,http://dbpedia.org/ontology/associatedBand,http://dbpedia.org/resource/Nihilist_(band)
5,http://dbpedia.org/ontology/genre,http://dbpedia.org/resource/Death-doom
4,http://dbpedia.org/ontology/associatedBand,http://dbpedia.org/resource/Therion_(band)
4,http://dbpedia.org/ontology/associatedBand,http://dbpedia.org/resource/Tiamat_(band)
4,http://dbpedia.org/ontology/associatedMusicalArtist,http://dbpedia.org/resource/In_Flames
4,http://dbpedia.org/ontology/recordLabel,http://dbpedia.org/resource/Napalm_Records
4,http://dbpedia.org/ontology/associatedBand,http://dbpedia.org/resource/Katatonia
4,http://dbpedia.org/ontology/associatedMusicalArtist,http://dbpedia.org/resource/Tiamat_(band)
4,http://dbpedia.org/ontology/genre,http://dbpedia.org/resource/Grindcore
4,http://dbpedia.org/ontology/genre,http://dbpedia.org/resource/Gothic_metal
4,http://dbpedia.org/ontology/genre,http://dbpedia.org/resource/Doom_metal
4,http://dbpedia.org/ontology/recordLabel,http://dbpedia.org/resource/Peaceville_Records
4,http://dbpedia.org/ontology/associatedMusicalArtist,http://dbpedia.org/resource/Therion_(band)
4,http://dbpedia.org/ontology/associatedBand,http://dbpedia.org/resource/Dismember_(band)
4,http://dbpedia.org/ontology/associatedMusicalArtist,http://dbpedia.org/resource/Dismember_(band)
4,http://dbpedia.org/ontology/recordLabel,http://dbpedia.org/resource/Earache_Records
4,http://dbpedia.org/ontology/recordLabel,http://dbpedia.org/resource/No_Fashion_Records
4,http://dbpedia.org/ontology/associatedMusicalArtist,http://dbpedia.org/resource/Katatonia
4,http://dbpedia.org/ontology/recordLabel,http://dbpedia.org/resource/Regain_Records
4,http://dbpedia.org/ontology/associatedBand,http://dbpedia.org/resource/In_Flames
4,http://dbpedia.org/ontology/recordLabel,http://dbpedia.org/resource/Black_Mark_Production
3,http://dbpedia.org/ontology/associatedMusicalArtist,http://dbpedia.org/resource/Entombed_A.D.
3,http://dbpedia.org/ontology/associatedMusicalArtist,http://dbpedia.org/resource/Grave_(band)
3,http://dbpedia.org/ontology/associatedBand,http://dbpedia.org/resource/Disfear
3,http://dbpedia.org/ontology/associatedBand,http://dbpedia.org/resource/Miseration
3,http://dbpedia.org/ontology/associatedMusicalArtist,http://dbpedia.org/resource/Disfear
3,http://dbpedia.org/ontology/genre,http://dbpedia.org/resource/Extreme_metal
3,http://dbpedia.org/ontology/associatedBand,http://dbpedia.org/resource/At_the_Gates
3,http://dbpedia.org/ontology/recordLabel,http://dbpedia.org/resource/Massacre_Records
3,http://dbpedia.org/ontology/associatedBand,http://dbpedia.org/resource/The_Haunted_(Swedish_band)
3,http://dbpedia.org/ontology/associatedMusicalArtist,http://dbpedia.org/resource/The_Haunted_(Swedish_band)
3,http://dbpedia.org/ontology/associatedMusicalArtist,http://dbpedia.org/resource/Miseration
3,http://dbpedia.org/ontology/formerBandMember,http://dbpedia.org/resource/Dan_Swanö
3,http://dbpedia.org/ontology/associatedMusicalArtist,http://dbpedia.org/resource/The_Hellacopters
3,http://dbpedia.org/ontology/formerBandMember,http://dbpedia.org/resource/Tomas_Lindberg
3,http://dbpedia.org/ontology/formerBandMember,http://dbpedia.org/resource/Alf_Svensson_(guitarist)
3,http://dbpedia.org/ontology/genre,http://dbpedia.org/resource/Death_'n'_roll
3,http://dbpedia.org/ontology/associatedBand,http://dbpedia.org/resource/Entombed_A.D.
3,http://dbpedia.org/ontology/associatedBand,http://dbpedia.org/resource/The_Hellacopters
3,http://dbpedia.org/ontology/associatedBand,http://dbpedia.org/resource/Grave_(band)
3,http://dbpedia.org/ontology/associatedMusicalArtist,http://dbpedia.org/resource/At_the_Gates
3,http://dbpedia.org/ontology/genre,http://dbpedia.org/resource/Progressive_rock
2,http://dbpedia.org/ontology/associatedBand,http://dbpedia.org/resource/Inevitable_End
2,http://dbpedia.org/ontology/associatedBand,http://dbpedia.org/resource/Face_Down_(band)
2,http://dbpedia.org/ontology/associatedBand,http://dbpedia.org/resource/The_Crown_(band)
2,http://dbpedia.org/ontology/associatedBand,http://dbpedia.org/resource/Mr._Death_(band)
2,http://dbpedia.org/ontology/associatedMusicalArtist,http://dbpedia.org/resource/HammerFall
2,http://dbpedia.org/ontology/associatedMusicalArtist,http://dbpedia.org/resource/Arch_Enemy
2,http://dbpedia.org/ontology/associatedMusicalArtist,http://dbpedia.org/resource/Diabolical_(band)
2,http://dbpedia.org/ontology/hometown,http://dbpedia.org/resource/Umeå
2,http://dbpedia.org/ontology/recordLabel,http://dbpedia.org/resource/Season_of_Mist
2,http://dbpedia.org/ontology/associatedBand,http://dbpedia.org/resource/Edge_of_Sanity
2,http://dbpedia.org/ontology/associatedBand,http://dbpedia.org/resource/Grotesque_(band)
2,http://dbpedia.org/ontology/associatedMusicalArtist,http://dbpedia.org/resource/Kaamos_(Swedish_band)
2,http://dbpedia.org/ontology/formerBandMember,http://dbpedia.org/resource/Mikael_Åkerfeldt
2,http://dbpedia.org/ontology/formerBandMember,http://dbpedia.org/resource/Anders_Björler
2,http://dbpedia.org/ontology/recordLabel,http://dbpedia.org/resource/Necropolis_Records
2,http://dbpedia.org/ontology/recordLabel,http://dbpedia.org/resource/Spinefarm_Records
2,http://dbpedia.org/ontology/associatedBand,http://dbpedia.org/resource/HammerFall
2,http://dbpedia.org/ontology/associatedBand,http://dbpedia.org/resource/Liers_in_Wait
2,http://dbpedia.org/ontology/associatedMusicalArtist,http://dbpedia.org/resource/Opeth
2,http://dbpedia.org/ontology/associatedMusicalArtist,http://dbpedia.org/resource/Necrophobic
2,http://dbpedia.org/ontology/genre,http://dbpedia.org/resource/Symphonic_black_metal
2,http://dbpedia.org/ontology/genre,http://dbpedia.org/resource/Crust_punk
2,http://dbpedia.org/ontology/recordLabel,http://dbpedia.org/resource/Relativity_Records
2,http://dbpedia.org/ontology/associatedBand,http://dbpedia.org/resource/Kaamos_(Swedish_band)
2,http://dbpedia.org/ontology/associatedBand,http://dbpedia.org/resource/Crimson_Moonlight
2,http://dbpedia.org/ontology/associatedMusicalArtist,http://dbpedia.org/resource/Face_Down_(band)
2,http://dbpedia.org/ontology/associatedMusicalArtist,http://dbpedia.org/resource/Mr._Death_(band)
2,http://dbpedia.org/ontology/bandMember,http://dbpedia.org/resource/Nicke_Andersson
2,http://dbpedia.org/ontology/bandMember,http://dbpedia.org/resource/Christofer_Johnsson
2,http://dbpedia.org/ontology/formerBandMember,http://dbpedia.org/resource/Matti_Kärki
2,http://dbpedia.org/ontology/recordLabel,http://dbpedia.org/resource/Active_Records
2,http://dbpedia.org/ontology/recordLabel,http://dbpedia.org/resource/Avantgarde_Music
2,http://dbpedia.org/ontology/associatedBand,http://dbpedia.org/resource/Death_Breath
2,http://dbpedia.org/ontology/associatedBand,http://dbpedia.org/resource/Diabolical_(band)
2,http://dbpedia.org/ontology/associatedMusicalArtist,http://dbpedia.org/resource/Morbid_(band)
2,http://dbpedia.org/ontology/associatedMusicalArtist,http://dbpedia.org/resource/The_Project_Hate_MCMXCIX
2,http://dbpedia.org/ontology/associatedMusicalArtist,http://dbpedia.org/resource/Paganizer
2,http://dbpedia.org/ontology/associatedMusicalArtist,http://dbpedia.org/resource/Grotesque_(band)
2,http://dbpedia.org/ontology/genre,http://dbpedia.org/resource/Gothic_rock
2,http://dbpedia.org/ontology/recordLabel,http://dbpedia.org/resource/Roadrunner_Records
2,http://dbpedia.org/ontology/associatedBand,http://dbpedia.org/resource/Unleashed_(band)
2,http://dbpedia.org/ontology/associatedBand,http://dbpedia.org/resource/Aeon_(band)
2,http://dbpedia.org/ontology/associatedBand,http://dbpedia.org/resource/Solution_.45
2,http://dbpedia.org/ontology/associatedBand,http://dbpedia.org/resource/Dark_Funeral
2,http://dbpedia.org/ontology/associatedMusicalArtist,http://dbpedia.org/resource/Edge_of_Sanity
2,http://dbpedia.org/ontology/associatedMusicalArtist,http://dbpedia.org/resource/Crimson_Moonlight
2,http://dbpedia.org/ontology/associatedMusicalArtist,http://dbpedia.org/resource/Scar_Symmetry
2,http://dbpedia.org/ontology/bandMember,http://dbpedia.org/resource/Jonas_Renkse
2,http://dbpedia.org/ontology/genre,http://dbpedia.org/resource/Power_metal
2,http://dbpedia.org/ontology/hometown,http://dbpedia.org/resource/Falkenberg
2,http://dbpedia.org/ontology/recordLabel,http://dbpedia.org/resource/Music_For_Nations
2,http://dbpedia.org/ontology/recordLabel,http://dbpedia.org/resource/Agonia_Records
2,http://dbpedia.org/ontology/associatedBand,http://dbpedia.org/resource/Opeth
2,http://dbpedia.org/ontology/associatedMusicalArtist,http://dbpedia.org/resource/Death_Breath
2,http://dbpedia.org/ontology/associatedMusicalArtist,http://dbpedia.org/resource/Inevitable_End
2,http://dbpedia.org/ontology/associatedMusicalArtist,http://dbpedia.org/resource/Aeon_(band)
2,http://dbpedia.org/ontology/associatedMusicalArtist,http://dbpedia.org/resource/The_Crown_(band)
2,http://dbpedia.org/ontology/bandMember,http://dbpedia.org/resource/Anders_Iwers
2,http://dbpedia.org/ontology/formerBandMember,http://dbpedia.org/resource/Kristian_Wåhlin
2,http://dbpedia.org/ontology/genre,http://dbpedia.org/resource/Christian_metal
2,http://dbpedia.org/ontology/associatedBand,http://dbpedia.org/resource/Necrophobic
2,http://dbpedia.org/ontology/associatedMusicalArtist,http://dbpedia.org/resource/Solution_.45
2,http://dbpedia.org/ontology/bandMember,http://dbpedia.org/resource/Martin_Larsson_(guitarist)
2,http://dbpedia.org/ontology/associatedBand,http://dbpedia.org/resource/Nightingale_(band)
2,http://dbpedia.org/ontology/associatedBand,http://dbpedia.org/resource/Paganizer
2,http://dbpedia.org/ontology/associatedBand,http://dbpedia.org/resource/Arch_Enemy
2,http://dbpedia.org/ontology/associatedMusicalArtist,http://dbpedia.org/resource/Nightingale_(band)
2,http://dbpedia.org/ontology/hometown,http://dbpedia.org/resource/Borås
2,http://dbpedia.org/ontology/associatedMusicalArtist,http://dbpedia.org/resource/Unleashed_(band)
2,http://dbpedia.org/ontology/associatedMusicalArtist,http://dbpedia.org/resource/Dark_Funeral
2,http://dbpedia.org/ontology/hometown,http://dbpedia.org/resource/Jönköping
2,http://dbpedia.org/ontology/hometown,http://dbpedia.org/resource/Linköping
2,http://dbpedia.org/ontology/recordLabel,http://dbpedia.org/resource/The_Ajna_Offensive
2,http://dbpedia.org/ontology/associatedBand,http://dbpedia.org/resource/Morbid_(band)
2,http://dbpedia.org/ontology/associatedBand,http://dbpedia.org/resource/The_Project_Hate_MCMXCIX
2,http://dbpedia.org/ontology/associatedBand,http://dbpedia.org/resource/Scar_Symmetry
2,http://dbpedia.org/ontology/associatedMusicalArtist,http://dbpedia.org/resource/Liers_in_Wait
2,http://dbpedia.org/ontology/bandMember,http://dbpedia.org/resource/Anders_Nyström
2,http://dbpedia.org/ontology/formerBandMember,http://dbpedia.org/resource/Jonas_Kjellgren
2,http://dbpedia.org/ontology/recordLabel,http://dbpedia.org/resource/Hammerheart_Records
2,http://dbpedia.org/ontology/recordLabel,http://dbpedia.org/resource/Black_Sun_Records
2,http://dbpedia.org/ontology/recordLabel,http://dbpedia.org/resource/Lifeforce_Records
1,http://dbpedia.org/ontology/associatedBand,http://dbpedia.org/resource/Martyrdöd
1,http://dbpedia.org/ontology/associatedBand,http://dbpedia.org/resource/Marduk_(band)
1,http://dbpedia.org/ontology/associatedBand,http://dbpedia.org/resource/Incinerator_(band)
1,http://dbpedia.org/ontology/associatedBand,http://dbpedia.org/resource/Diabolique_(band)
1,http://dbpedia.org/ontology/associatedBand,http://dbpedia.org/resource/Armageddon_(Swedish_band)
1,http://dbpedia.org/ontology/associatedBand,http://dbpedia.org/resource/Lake_of_Tears
1,http://dbpedia.org/ontology/associatedBand,http://dbpedia.org/resource/Demonoid_(band)
1,http://dbpedia.org/ontology/associatedBand,http://dbpedia.org/resource/Messiah_(Swiss_band)
1,http://dbpedia.org/ontology/associatedMusicalArtist,http://dbpedia.org/resource/Repugnant
1,http://dbpedia.org/ontology/associatedMusicalArtist,http://dbpedia.org/resource/Ofermod
1,http://dbpedia.org/ontology/associatedMusicalArtist,http://dbpedia.org/resource/Pan.Thy.Monium
1,http://dbpedia.org/ontology/associatedMusicalArtist,http://dbpedia.org/resource/Storm_Corrosion
1,http://dbpedia.org/ontology/associatedMusicalArtist,http://dbpedia.org/resource/Paradise_Lost_(band)
1,http://dbpedia.org/ontology/associatedMusicalArtist,http://dbpedia.org/resource/Tristitia
1,http://dbpedia.org/ontology/associatedMusicalArtist,http://dbpedia.org/resource/Carbonized
1,http://dbpedia.org/ontology/associatedMusicalArtist,http://dbpedia.org/resource/The_Absence_(band)
1,http://dbpedia.org/ontology/associatedMusicalArtist,http://dbpedia.org/resource/Rammstein
1,http://dbpedia.org/ontology/associatedMusicalArtist,http://dbpedia.org/resource/Lindemann_(band)
1,http://dbpedia.org/ontology/associatedMusicalArtist,http://dbpedia.org/resource/Armageddon_(Swedish_band)
1,http://dbpedia.org/ontology/associatedMusicalArtist,http://dbpedia.org/resource/Descenery
1,http://dbpedia.org/ontology/associatedMusicalArtist,http://dbpedia.org/resource/Godsic
1,http://dbpedia.org/ontology/associatedMusicalArtist,http://dbpedia.org/resource/General_Surgery_(band)
1,http://dbpedia.org/ontology/associatedMusicalArtist,http://dbpedia.org/resource/Nasum
1,http://dbpedia.org/ontology/associatedMusicalArtist,http://dbpedia.org/resource/Valkyrie_(American_band)
1,http://dbpedia.org/ontology/associatedMusicalArtist,http://dbpedia.org/resource/Dead_by_April
1,http://dbpedia.org/ontology/bandMember,http://dbpedia.org/resource/Jeramie_Kling
1,http://dbpedia.org/ontology/bandMember,http://dbpedia.org/resource/Thomas_Vikström
1,http://dbpedia.org/ontology/bandMember,http://dbpedia.org/resource/Christian_Vidal
1,http://dbpedia.org/ontology/bandMember,http://dbpedia.org/resource/Daniel_Antonsson
1,http://dbpedia.org/ontology/bandMember,http://dbpedia.org/resource/Scott_Carlson
1,http://dbpedia.org/ontology/formerBandMember,http://dbpedia.org/resource/List_of_Therion_members
1,http://dbpedia.org/ontology/formerBandMember,http://dbpedia.org/resource/Christian_Älvestam
1,http://dbpedia.org/ontology/formerBandMember,http://dbpedia.org/resource/Thomas_Heder_(Keyboards)
1,http://dbpedia.org/ontology/genre,http://dbpedia.org/resource/Unblack_metal
1,http://dbpedia.org/ontology/hometown,http://dbpedia.org/resource/Visby
1,http://dbpedia.org/ontology/hometown,http://dbpedia.org/resource/Falköping
1,http://dbpedia.org/ontology/recordLabel,http://dbpedia.org/resource/MNRK_Music_Group
1,http://dbpedia.org/ontology/recordLabel,http://dbpedia.org/resource/Blood_Harvest_Records
1,http://dbpedia.org/ontology/recordLabel,http://dbpedia.org/resource/Nocturnal_Art_Productions
1,http://dbpedia.org/ontology/associatedBand,http://dbpedia.org/resource/Cut_Up
1,http://dbpedia.org/ontology/associatedBand,http://dbpedia.org/resource/Antestor
1,http://dbpedia.org/ontology/associatedBand,http://dbpedia.org/resource/Vomitory_(band)
1,http://dbpedia.org/ontology/associatedBand,http://dbpedia.org/resource/Hypocrisy_(band)
1,http://dbpedia.org/ontology/associatedBand,http://dbpedia.org/resource/Second_Sky
1,http://dbpedia.org/ontology/associatedBand,http://dbpedia.org/resource/Ribspreader
1,http://dbpedia.org/ontology/associatedBand,http://dbpedia.org/resource/Deus_Ex_Machina_(heavy_metal_band)
1,http://dbpedia.org/ontology/associatedBand,http://dbpedia.org/resource/Valkyrie_(American_band)
1,http://dbpedia.org/ontology/associatedBand,http://dbpedia.org/resource/A*Teem
1,http://dbpedia.org/ontology/associatedBand,http://dbpedia.org/resource/Endless_Torture
1,http://dbpedia.org/ontology/associatedBand,http://dbpedia.org/resource/Odhinn_(band)
1,http://dbpedia.org/ontology/associatedMusicalArtist,http://dbpedia.org/resource/Deathstars
1,http://dbpedia.org/ontology/associatedMusicalArtist,http://dbpedia.org/resource/Centinex
1,http://dbpedia.org/ontology/associatedMusicalArtist,http://dbpedia.org/resource/Raubtier
1,http://dbpedia.org/ontology/associatedMusicalArtist,http://dbpedia.org/resource/Steel_Attack
1,http://dbpedia.org/ontology/associatedMusicalArtist,http://dbpedia.org/resource/Carnage_(band)
1,http://dbpedia.org/ontology/associatedMusicalArtist,http://dbpedia.org/resource/Deus_Ex_Machina_(heavy_metal_band)
1,http://dbpedia.org/ontology/associatedMusicalArtist,http://dbpedia.org/resource/Endless_Torture
1,http://dbpedia.org/ontology/associatedMusicalArtist,http://dbpedia.org/resource/God_Among_Insects
1,http://dbpedia.org/ontology/bandMember,http://dbpedia.org/resource/Martín_Méndez
1,http://dbpedia.org/ontology/bandMember,http://dbpedia.org/resource/Oscar_Dronjak
1,http://dbpedia.org/ontology/formerBandMember,http://dbpedia.org/resource/Haakon_Forwald
1,http://dbpedia.org/ontology/formerBandMember,http://dbpedia.org/resource/Hans_Nilsson_(musician)
1,http://dbpedia.org/ontology/formerBandMember,http://dbpedia.org/resource/Fredrik_Lindgren_(musician)
1,http://dbpedia.org/ontology/hometown,http://dbpedia.org/resource/Upplands_Väsby
1,http://dbpedia.org/ontology/hometown,http://dbpedia.org/resource/Vålberg
1,http://dbpedia.org/ontology/hometown,http://dbpedia.org/resource/Singapore
1,http://dbpedia.org/ontology/recordLabel,http://dbpedia.org/resource/Sony_Music
1,http://dbpedia.org/ontology/recordLabel,http://dbpedia.org/resource/Barbarian_Record
1,http://dbpedia.org/ontology/recordLabel,http://dbpedia.org/resource/Megarock_Records
1,http://dbpedia.org/ontology/recordLabel,http://dbpedia.org/resource/SPV_GmbH
1,http://dbpedia.org/ontology/associatedBand,http://dbpedia.org/resource/Ofermod
1,http://dbpedia.org/ontology/associatedBand,http://dbpedia.org/resource/Ondskapt
1,http://dbpedia.org/ontology/associatedBand,http://dbpedia.org/resource/Watain
1,http://dbpedia.org/ontology/associatedBand,http://dbpedia.org/resource/Deranged_(band)
1,http://dbpedia.org/ontology/associatedBand,http://dbpedia.org/resource/Expulsion_(band)
1,http://dbpedia.org/ontology/associatedBand,http://dbpedia.org/resource/Craft_(band)
1,http://dbpedia.org/ontology/associatedBand,http://dbpedia.org/resource/The_Absence_(band)
1,http://dbpedia.org/ontology/associatedBand,http://dbpedia.org/resource/Dimension_Zero
1,http://dbpedia.org/ontology/associatedBand,http://dbpedia.org/resource/Eucharist_(band)
1,http://dbpedia.org/ontology/associatedBand,http://dbpedia.org/resource/Descenery
1,http://dbpedia.org/ontology/associatedBand,http://dbpedia.org/resource/Ceremonial_Oath
1,http://dbpedia.org/ontology/associatedMusicalArtist,http://dbpedia.org/resource/Antestor
1,http://dbpedia.org/ontology/associatedMusicalArtist,http://dbpedia.org/resource/Ondskapt
1,http://dbpedia.org/ontology/associatedMusicalArtist,http://dbpedia.org/resource/Devil_Lee_Rot
1,http://dbpedia.org/ontology/associatedMusicalArtist,http://dbpedia.org/resource/Pain_(musical_project)
1,http://dbpedia.org/ontology/associatedMusicalArtist,http://dbpedia.org/resource/Eucharist_(band)
1,http://dbpedia.org/ontology/associatedMusicalArtist,http://dbpedia.org/resource/Amok_(band)
1,http://dbpedia.org/ontology/associatedMusicalArtist,http://dbpedia.org/resource/Odhinn_(band)
1,http://dbpedia.org/ontology/bandMember,http://dbpedia.org/resource/Matti_Kärki
1,http://dbpedia.org/ontology/bandMember,http://dbpedia.org/resource/Fredrik_Åkesson
1,http://dbpedia.org/ontology/bandMember,http://dbpedia.org/resource/Peter_Tägtgren
1,http://dbpedia.org/ontology/bandMember,http://dbpedia.org/resource/Tomas_Lindberg
1,http://dbpedia.org/ontology/bandMember,http://dbpedia.org/resource/Robert_Pehrsson
1,http://dbpedia.org/ontology/bandMember,http://dbpedia.org/resource/Hasse_Karlsson
1,http://dbpedia.org/ontology/formerBandMember,http://dbpedia.org/resource/Sharlee_D'Angelo
1,http://dbpedia.org/ontology/formerBandMember,http://dbpedia.org/resource/Andreas_Axelsson
1,http://dbpedia.org/ontology/formerBandMember,http://dbpedia.org/resource/Tore_Stjerna
1,http://dbpedia.org/ontology/formerBandMember,http://dbpedia.org/resource/Anders_Iwers
1,http://dbpedia.org/ontology/formerBandMember,http://dbpedia.org/resource/Peter_Stjärnvind
1,http://dbpedia.org/ontology/genre,http://dbpedia.org/resource/Goregrind
1,http://dbpedia.org/ontology/hometown,http://dbpedia.org/resource/Alingsås
1,http://dbpedia.org/ontology/hometown,http://dbpedia.org/resource/Ludvika
1,http://dbpedia.org/ontology/hometown,http://dbpedia.org/resource/Sundsvall
1,http://dbpedia.org/ontology/soundRecording,http://dbpedia.org/resource/Therion_(band)__Sound__2
1,http://dbpedia.org/ontology/associatedBand,http://dbpedia.org/resource/Ophthalamia
1,http://dbpedia.org/ontology/associatedBand,http://dbpedia.org/resource/Nefandus
1,http://dbpedia.org/ontology/associatedBand,http://dbpedia.org/resource/Storm_Corrosion
1,http://dbpedia.org/ontology/associatedBand,http://dbpedia.org/resource/Pagan_Rites
1,http://dbpedia.org/ontology/associatedBand,http://dbpedia.org/resource/Arckanum
1,http://dbpedia.org/ontology/associatedBand,http://dbpedia.org/resource/In_Mourning_(band)
1,http://dbpedia.org/ontology/associatedBand,http://dbpedia.org/resource/October_Tide
1,http://dbpedia.org/ontology/associatedMusicalArtist,http://dbpedia.org/resource/Ophthalamia
1,http://dbpedia.org/ontology/associatedMusicalArtist,http://dbpedia.org/resource/Nefandus
1,http://dbpedia.org/ontology/associatedMusicalArtist,http://dbpedia.org/resource/Pagan_Rites
1,http://dbpedia.org/ontology/associatedMusicalArtist,http://dbpedia.org/resource/Defleshed
1,http://dbpedia.org/ontology/associatedMusicalArtist,http://dbpedia.org/resource/Ribspreader
1,http://dbpedia.org/ontology/bandMember,http://dbpedia.org/resource/Richard_Cabeza
1,http://dbpedia.org/ontology/bandMember,http://dbpedia.org/resource/Tobias_Forge
1,http://dbpedia.org/ontology/bandMember,http://dbpedia.org/resource/Dan_Swanö
1,http://dbpedia.org/ontology/bandMember,http://dbpedia.org/resource/Dave_Ingram
1,http://dbpedia.org/ontology/bandMember,http://dbpedia.org/resource/Christian_Älvestam
1,http://dbpedia.org/ontology/bandMember,http://dbpedia.org/resource/Jani_Stefanovic
1,http://dbpedia.org/ontology/formerBandMember,http://dbpedia.org/resource/Magnus_Sahlgren
1,http://dbpedia.org/ontology/formerBandMember,http://dbpedia.org/resource/Emperor_Magus_Caligula
1,http://dbpedia.org/ontology/formerBandMember,http://dbpedia.org/resource/Daniel_Erlandsson
1,http://dbpedia.org/ontology/formerBandMember,http://dbpedia.org/resource/Peter_Tuthill
1,http://dbpedia.org/ontology/hometown,http://dbpedia.org/resource/Norrköping
1,http://dbpedia.org/ontology/hometown,http://dbpedia.org/resource/Everöd
1,http://dbpedia.org/ontology/hometown,http://dbpedia.org/resource/Saltsjöbaden
1,http://dbpedia.org/ontology/recordLabel,http://dbpedia.org/resource/WAR_Music
1,http://dbpedia.org/ontology/associatedBand,http://dbpedia.org/resource/Enforcer_(band)
1,http://dbpedia.org/ontology/associatedBand,http://dbpedia.org/resource/Insision
1,http://dbpedia.org/ontology/associatedBand,http://dbpedia.org/resource/Pan.Thy.Monium
1,http://dbpedia.org/ontology/associatedBand,http://dbpedia.org/resource/Funeral_Mist
1,http://dbpedia.org/ontology/associatedBand,http://dbpedia.org/resource/Shadowquest
1,http://dbpedia.org/ontology/associatedBand,http://dbpedia.org/resource/Lucyfire
1,http://dbpedia.org/ontology/associatedBand,http://dbpedia.org/resource/Nasum
1,http://dbpedia.org/ontology/associatedMusicalArtist,http://dbpedia.org/resource/Insision
1,http://dbpedia.org/ontology/associatedMusicalArtist,http://dbpedia.org/resource/Hypocrisy_(band)
1,http://dbpedia.org/ontology/associatedMusicalArtist,http://dbpedia.org/resource/Arckanum
1,http://dbpedia.org/ontology/associatedMusicalArtist,http://dbpedia.org/resource/Dimension_Zero
1,http://dbpedia.org/ontology/bandMember,http://dbpedia.org/resource/Fred_Estby
1,http://dbpedia.org/ontology/bandMember,http://dbpedia.org/resource/Andreas_Axelsson
1,http://dbpedia.org/ontology/bandMember,http://dbpedia.org/resource/Jesper_Strömblad
1,http://dbpedia.org/ontology/bandMember,http://dbpedia.org/resource/Adrian_Erlandsson
1,http://dbpedia.org/ontology/bandMember,http://dbpedia.org/resource/Johan_Edlund
1,http://dbpedia.org/ontology/bandMember,http://dbpedia.org/resource/Lars_Rosenberg
1,http://dbpedia.org/ontology/bandMember,http://dbpedia.org/resource/Martin_Åkesson
1,http://dbpedia.org/ontology/bandMember,http://dbpedia.org/resource/Valle_Adzic
1,http://dbpedia.org/ontology/formerBandMember,http://dbpedia.org/resource/Adrian_Erlandsson
1,http://dbpedia.org/ontology/formerBandMember,http://dbpedia.org/resource/Martin_van_Drunen
1,http://dbpedia.org/ontology/formerBandMember,http://dbpedia.org/resource/Peter_Tägtgren
1,http://dbpedia.org/ontology/formerBandMember,http://dbpedia.org/resource/Anders_Fridén
1,http://dbpedia.org/ontology/formerBandMember,http://dbpedia.org/resource/Jesper_Strömblad
1,http://dbpedia.org/ontology/formerBandMember,http://dbpedia.org/resource/Jonas_Renkse
1,http://dbpedia.org/ontology/hometown,http://dbpedia.org/resource/Forshaga
1,http://dbpedia.org/ontology/hometown,http://dbpedia.org/resource/Strömstad
1,http://dbpedia.org/ontology/recordLabel,http://dbpedia.org/resource/Black_Lodge_Records
1,http://dbpedia.org/ontology/recordLabel,http://dbpedia.org/resource/Cyclone_Empire_Records
1,http://dbpedia.org/ontology/associatedBand,http://dbpedia.org/resource/Deathstars
1,http://dbpedia.org/ontology/associatedBand,http://dbpedia.org/resource/Centinex
1,http://dbpedia.org/ontology/associatedBand,http://dbpedia.org/resource/Paradise_Lost_(band)
1,http://dbpedia.org/ontology/associatedBand,http://dbpedia.org/resource/Immortal_(band)
1,http://dbpedia.org/ontology/associatedBand,http://dbpedia.org/resource/The_Resistance_(Swedish_band)
1,http://dbpedia.org/ontology/associatedBand,http://dbpedia.org/resource/Setherial
1,http://dbpedia.org/ontology/associatedBand,http://dbpedia.org/resource/Abyssos
1,http://dbpedia.org/ontology/associatedBand,http://dbpedia.org/resource/Hordes_of_Hel
1,http://dbpedia.org/ontology/associatedBand,http://dbpedia.org/resource/Souldrainer
1,http://dbpedia.org/ontology/associatedBand,http://dbpedia.org/resource/Cranium_(band)
1,http://dbpedia.org/ontology/associatedBand,http://dbpedia.org/resource/Dead_by_April
1,http://dbpedia.org/ontology/associatedMusicalArtist,http://dbpedia.org/resource/Watain
1,http://dbpedia.org/ontology/associatedMusicalArtist,http://dbpedia.org/resource/Vomitory_(band)
1,http://dbpedia.org/ontology/associatedMusicalArtist,http://dbpedia.org/resource/Marduk_(band)
1,http://dbpedia.org/ontology/associatedMusicalArtist,http://dbpedia.org/resource/Beseech
1,http://dbpedia.org/ontology/associatedMusicalArtist,http://dbpedia.org/resource/Unanimated
1,http://dbpedia.org/ontology/associatedMusicalArtist,http://dbpedia.org/resource/Witchery
1,http://dbpedia.org/ontology/associatedMusicalArtist,http://dbpedia.org/resource/Setherial
1,http://dbpedia.org/ontology/associatedMusicalArtist,http://dbpedia.org/resource/Souldrainer
1,http://dbpedia.org/ontology/bandMember,http://dbpedia.org/resource/Sami_Karppinen
1,http://dbpedia.org/ontology/bandMember,http://dbpedia.org/resource/Martin_Axenrot
1,http://dbpedia.org/ontology/bandMember,http://dbpedia.org/resource/Reidar_Horghagen
1,http://dbpedia.org/ontology/bandMember,http://dbpedia.org/resource/Jonas_Björler
1,http://dbpedia.org/ontology/bandMember,http://dbpedia.org/resource/Matte_Andersson_(Vocals)
1,http://dbpedia.org/ontology/bandMember,http://dbpedia.org/resource/Heike_Langhans
1,http://dbpedia.org/ontology/formerBandMember,http://dbpedia.org/resource/Jon_Nödtveidt
1,http://dbpedia.org/ontology/formerBandMember,http://dbpedia.org/resource/Deathstars
1,http://dbpedia.org/ontology/formerBandMember,http://dbpedia.org/resource/Jörgen_Sandström
1,http://dbpedia.org/ontology/formerBandMember,http://dbpedia.org/resource/Johan_Liiva
1,http://dbpedia.org/ontology/hometown,http://dbpedia.org/resource/Avesta_(locality)
1,http://dbpedia.org/ontology/hometown,http://dbpedia.org/resource/Scandinavia
1,http://dbpedia.org/ontology/hometown,http://dbpedia.org/resource/Bolivia
1,http://dbpedia.org/ontology/hometown,http://dbpedia.org/resource/Säffle
1,http://dbpedia.org/ontology/recordLabel,http://dbpedia.org/resource/Art_Gates_Records
1,http://dbpedia.org/ontology/associatedBand,http://dbpedia.org/resource/Pantokrator_(band)
1,http://dbpedia.org/ontology/associatedBand,http://dbpedia.org/resource/Repugnant
1,http://dbpedia.org/ontology/associatedBand,http://dbpedia.org/resource/Cradle_of_Filth
1,http://dbpedia.org/ontology/associatedBand,http://dbpedia.org/resource/Tristitia
1,http://dbpedia.org/ontology/associatedBand,http://dbpedia.org/resource/Pain_(musical_project)
1,http://dbpedia.org/ontology/associatedBand,http://dbpedia.org/resource/Repulsion_(band)
1,http://dbpedia.org/ontology/associatedBand,http://dbpedia.org/resource/Godsic
1,http://dbpedia.org/ontology/associatedBand,http://dbpedia.org/resource/Impious
1,http://dbpedia.org/ontology/associatedBand,http://dbpedia.org/resource/Hail_of_Bullets
1,http://dbpedia.org/ontology/associatedBand,http://dbpedia.org/resource/Beseech
1,http://dbpedia.org/ontology/associatedBand,http://dbpedia.org/resource/General_Surgery_(band)
1,http://dbpedia.org/ontology/associatedBand,http://dbpedia.org/resource/Witchery
1,http://dbpedia.org/ontology/associatedBand,http://dbpedia.org/resource/Chastisement_(band)
1,http://dbpedia.org/ontology/associatedBand,http://dbpedia.org/resource/Defender_(band)
1,http://dbpedia.org/ontology/associatedMusicalArtist,http://dbpedia.org/resource/Pantokrator_(band)
1,http://dbpedia.org/ontology/associatedMusicalArtist,http://dbpedia.org/resource/Enforcer_(band)
1,http://dbpedia.org/ontology/associatedMusicalArtist,http://dbpedia.org/resource/Cardinal_Sin_(band)
1,http://dbpedia.org/ontology/associatedMusicalArtist,http://dbpedia.org/resource/Immortal_(band)
1,http://dbpedia.org/ontology/associatedMusicalArtist,http://dbpedia.org/resource/Diabolique_(band)
1,http://dbpedia.org/ontology/associatedMusicalArtist,http://dbpedia.org/resource/Shadowquest
1,http://dbpedia.org/ontology/associatedMusicalArtist,http://dbpedia.org/resource/Mayhem_(band)
1,http://dbpedia.org/ontology/associatedMusicalArtist,http://dbpedia.org/resource/Demonoid_(band)
1,http://dbpedia.org/ontology/bandMember,http://dbpedia.org/resource/Jonas_Kjellgren
1,http://dbpedia.org/ontology/bandMember,http://dbpedia.org/resource/Joakim_Svalberg
1,http://dbpedia.org/ontology/bandMember,http://dbpedia.org/resource/Erik_Peterson
1,http://dbpedia.org/ontology/bandMember,http://dbpedia.org/resource/Mikael_Norén
1,http://dbpedia.org/ontology/bandMember,http://dbpedia.org/resource/John_Frölén
1,http://dbpedia.org/ontology/formerBandMember,http://dbpedia.org/resource/Nicke_Andersson
1,http://dbpedia.org/ontology/formerBandMember,http://dbpedia.org/resource/Ole_Öhman
1,http://dbpedia.org/ontology/formerBandMember,http://dbpedia.org/resource/Bloodbath
1,http://dbpedia.org/ontology/formerBandMember,http://dbpedia.org/resource/Michael_Amott
1,http://dbpedia.org/ontology/formerBandMember,http://dbpedia.org/resource/Regain_Records
1,http://dbpedia.org/ontology/genre,http://dbpedia.org/resource/Mathcore
1,http://dbpedia.org/ontology/genre,http://dbpedia.org/resource/Avant-garde_metal
1,http://dbpedia.org/ontology/hometown,http://dbpedia.org/resource/Finspång
1,http://dbpedia.org/ontology/hometown,http://dbpedia.org/resource/Västerås
1,http://dbpedia.org/ontology/hometown,http://dbpedia.org/resource/Vallentuna
1,http://dbpedia.org/ontology/recordLabel,http://dbpedia.org/resource/Listenable_Records
1,http://dbpedia.org/ontology/recordLabel,http://dbpedia.org/resource/Cyclone_Empire
1,http://dbpedia.org/ontology/associatedBand,http://dbpedia.org/resource/Cardinal_Sin_(band)
1,http://dbpedia.org/ontology/associatedBand,http://dbpedia.org/resource/Amok_(band)
1,http://dbpedia.org/ontology/associatedBand,http://dbpedia.org/resource/Serpent_(band)
1,http://dbpedia.org/ontology/associatedBand,http://dbpedia.org/resource/Carnage_(band)
1,http://dbpedia.org/ontology/associatedBand,http://dbpedia.org/resource/Morpheus_(band)
1,http://dbpedia.org/ontology/associatedBand,http://dbpedia.org/resource/Blackwinds
1,http://dbpedia.org/ontology/associatedBand,http://dbpedia.org/resource/God_Among_Insects
1,http://dbpedia.org/ontology/associatedBand,http://dbpedia.org/resource/Sanctification_(band)
1,http://dbpedia.org/ontology/associatedBand,http://dbpedia.org/resource/Dawn_(Swedish_band)
1,http://dbpedia.org/ontology/associatedMusicalArtist,http://dbpedia.org/resource/Mortuus
1,http://dbpedia.org/ontology/associatedMusicalArtist,http://dbpedia.org/resource/Malign_(band)
1,http://dbpedia.org/ontology/associatedMusicalArtist,http://dbpedia.org/resource/Incinerator_(band)
1,http://dbpedia.org/ontology/associatedMusicalArtist,http://dbpedia.org/resource/In_Mourning_(band)
1,http://dbpedia.org/ontology/associatedMusicalArtist,http://dbpedia.org/resource/Lucyfire
1,http://dbpedia.org/ontology/associatedMusicalArtist,http://dbpedia.org/resource/Dundertåget
1,http://dbpedia.org/ontology/associatedMusicalArtist,http://dbpedia.org/resource/Hail_of_Bullets
1,http://dbpedia.org/ontology/associatedMusicalArtist,http://dbpedia.org/resource/Lake_of_Tears
1,http://dbpedia.org/ontology/associatedMusicalArtist,http://dbpedia.org/resource/Abyssos
1,http://dbpedia.org/ontology/associatedMusicalArtist,http://dbpedia.org/resource/Hordes_of_Hel
1,http://dbpedia.org/ontology/associatedMusicalArtist,http://dbpedia.org/resource/Sonic_Syndicate
1,http://dbpedia.org/ontology/bandMember,http://dbpedia.org/resource/Per_Nilsson_(guitarist)
1,http://dbpedia.org/ontology/formerBandMember,http://dbpedia.org/resource/John_Zwetsloot
1,http://dbpedia.org/ontology/formerBandMember,http://dbpedia.org/resource/Set_Teitan
1,http://dbpedia.org/ontology/formerBandMember,http://dbpedia.org/resource/Fredrik_Isaksson
1,http://dbpedia.org/ontology/formerBandMember,http://dbpedia.org/resource/Fred_Estby
1,http://dbpedia.org/ontology/formerBandMember,http://dbpedia.org/resource/Henrik_Lindström_(Guitas/Bass)
1,http://dbpedia.org/ontology/formerBandMember,http://dbpedia.org/resource/Glenn_Ljungström
1,http://dbpedia.org/ontology/genre,http://dbpedia.org/resource/Viking_metal
1,http://dbpedia.org/ontology/hometown,http://dbpedia.org/resource/Östersund
1,http://dbpedia.org/ontology/hometown,http://dbpedia.org/resource/Västervik
1,http://dbpedia.org/ontology/hometown,http://dbpedia.org/resource/Edsbyn
1,http://dbpedia.org/ontology/recordLabel,http://dbpedia.org/resource/The_End_Records
1,http://dbpedia.org/ontology/recordLabel,http://dbpedia.org/resource/Deathlike_Silence_Productions
1,http://dbpedia.org/ontology/recordLabel,http://dbpedia.org/resource/Universal_Music_Group
1,http://dbpedia.org/ontology/recordLabel,http://dbpedia.org/resource/The_Ballistics
1,http://dbpedia.org/ontology/recordLabel,http://dbpedia.org/resource/Pulverised_Records
1,http://dbpedia.org/ontology/recordLabel,http://dbpedia.org/resource/Xtreem_Music
1,http://dbpedia.org/ontology/associatedBand,http://dbpedia.org/resource/Devil_Lee_Rot
1,http://dbpedia.org/ontology/associatedBand,http://dbpedia.org/resource/Carbonized
1,http://dbpedia.org/ontology/associatedBand,http://dbpedia.org/resource/Mayhem_(band)
1,http://dbpedia.org/ontology/associatedBand,http://dbpedia.org/resource/Dundertåget
1,http://dbpedia.org/ontology/associatedBand,http://dbpedia.org/resource/Steel_Attack
1,http://dbpedia.org/ontology/associatedBand,http://dbpedia.org/resource/Unanimated
1,http://dbpedia.org/ontology/associatedBand,http://dbpedia.org/resource/Satanic_Slaughter
1,http://dbpedia.org/ontology/associatedBand,http://dbpedia.org/resource/Sonic_Syndicate
1,http://dbpedia.org/ontology/associatedMusicalArtist,http://dbpedia.org/resource/Cut_Up
1,http://dbpedia.org/ontology/associatedMusicalArtist,http://dbpedia.org/resource/Martyrdöd
1,http://dbpedia.org/ontology/associatedMusicalArtist,http://dbpedia.org/resource/Deranged_(band)
1,http://dbpedia.org/ontology/associatedMusicalArtist,http://dbpedia.org/resource/Funeral_Mist
1,http://dbpedia.org/ontology/associatedMusicalArtist,http://dbpedia.org/resource/Craft_(band)
1,http://dbpedia.org/ontology/associatedMusicalArtist,http://dbpedia.org/resource/Repulsion_(band)
1,http://dbpedia.org/ontology/associatedMusicalArtist,http://dbpedia.org/resource/Ceremonial_Oath
1,http://dbpedia.org/ontology/associatedMusicalArtist,http://dbpedia.org/resource/A*Teem
1,http://dbpedia.org/ontology/associatedMusicalArtist,http://dbpedia.org/resource/Cranium_(band)
1,http://dbpedia.org/ontology/associatedMusicalArtist,http://dbpedia.org/resource/Defender_(band)
1,http://dbpedia.org/ontology/bandMember,http://dbpedia.org/resource/Lori_Lewis
1,http://dbpedia.org/ontology/bandMember,http://dbpedia.org/resource/Nick_Holmes
1,http://dbpedia.org/ontology/bandMember,http://dbpedia.org/resource/Erik_Andersson_(Drums)
1,http://dbpedia.org/ontology/formerBandMember,http://dbpedia.org/resource/Arckanum
1,http://dbpedia.org/ontology/formerBandMember,http://dbpedia.org/resource/Fredric_Danielsson_(Bass)
1,http://dbpedia.org/ontology/formerBandMember,http://dbpedia.org/resource/Christofer_Johnsson
1,http://dbpedia.org/ontology/formerBandMember,http://dbpedia.org/resource/Patrik_Jensen
1,http://dbpedia.org/ontology/hometown,http://dbpedia.org/resource/Småland
1,http://dbpedia.org/ontology/hometown,http://dbpedia.org/resource/Trollhättan
1,http://dbpedia.org/ontology/hometown,http://dbpedia.org/resource/Helsingborg
1,http://dbpedia.org/ontology/recordLabel,http://dbpedia.org/resource/Columbia_Records
1,http://dbpedia.org/ontology/recordLabel,http://dbpedia.org/resource/Osmose_Productions
1,http://dbpedia.org/ontology/soundRecording,http://dbpedia.org/resource/Therion_(band)__Sound__1
1,http://dbpedia.org/ontology/associatedBand,http://dbpedia.org/resource/Sanctifica
1,http://dbpedia.org/ontology/associatedBand,http://dbpedia.org/resource/Mortuus
1,http://dbpedia.org/ontology/associatedBand,http://dbpedia.org/resource/Malign_(band)
1,http://dbpedia.org/ontology/associatedBand,http://dbpedia.org/resource/Raubtier
1,http://dbpedia.org/ontology/associatedBand,http://dbpedia.org/resource/Rammstein
1,http://dbpedia.org/ontology/associatedBand,http://dbpedia.org/resource/Lindemann_(band)
1,http://dbpedia.org/ontology/associatedMusicalArtist,http://dbpedia.org/resource/Subvision
1,http://dbpedia.org/ontology/associatedMusicalArtist,http://dbpedia.org/resource/Expulsion_(band)
1,http://dbpedia.org/ontology/associatedMusicalArtist,http://dbpedia.org/resource/Second_Sky
1,http://dbpedia.org/ontology/associatedMusicalArtist,http://dbpedia.org/resource/Impious
1,http://dbpedia.org/ontology/associatedMusicalArtist,http://dbpedia.org/resource/Messiah_(Swiss_band)
1,http://dbpedia.org/ontology/associatedMusicalArtist,http://dbpedia.org/resource/Morpheus_(band)
1,http://dbpedia.org/ontology/associatedMusicalArtist,http://dbpedia.org/resource/Blackwinds
1,http://dbpedia.org/ontology/associatedMusicalArtist,http://dbpedia.org/resource/Chastisement_(band)
1,http://dbpedia.org/ontology/associatedMusicalArtist,http://dbpedia.org/resource/Sanctification_(band)
1,http://dbpedia.org/ontology/associatedMusicalArtist,http://dbpedia.org/resource/Dawn_(Swedish_band)
1,http://dbpedia.org/ontology/bandMember,http://dbpedia.org/resource/Demonoid_(band)
1,http://dbpedia.org/ontology/bandMember,http://dbpedia.org/resource/Mikael_Åkerfeldt
1,http://dbpedia.org/ontology/bandMember,http://dbpedia.org/resource/Robin_Sörqvist
1,http://dbpedia.org/ontology/formerBandMember,http://dbpedia.org/resource/Mikael_Dahlqvist_(Guitars)
1,http://dbpedia.org/ontology/formerBandMember,http://dbpedia.org/resource/Stefan_Grundel_(Guitas)
1,http://dbpedia.org/ontology/genre,http://dbpedia.org/resource/Occult_rock
1,http://dbpedia.org/ontology/genre,http://dbpedia.org/resource/Heavy_metal_music
1,http://dbpedia.org/ontology/genre,http://dbpedia.org/resource/Symphonic_metal
1,http://dbpedia.org/ontology/genre,http://dbpedia.org/resource/Groove_metal
1,http://dbpedia.org/ontology/hometown,http://dbpedia.org/resource/Strängnäs
1,http://dbpedia.org/ontology/hometown,http://dbpedia.org/resource/Växjö
1,http://dbpedia.org/ontology/hometown,"http://dbpedia.org/resource/Sala,_Sweden"
1,http://dbpedia.org/ontology/recordLabel,http://dbpedia.org/resource/Combat_Records
1,http://dbpedia.org/ontology/recordLabel,http://dbpedia.org/resource/Norma_Evangelium_Diaboli
1,http://dbpedia.org/ontology/recordLabel,http://dbpedia.org/resource/Deaf_Records
1,http://dbpedia.org/ontology/recordLabel,http://dbpedia.org/resource/Godhead_(record_label)
1,http://dbpedia.org/ontology/recordLabel,http://dbpedia.org/resource/Foundation_2000
1,http://dbpedia.org/ontology/recordLabel,http://dbpedia.org/resource/Imperial_Dawn_Records
1,http://dbpedia.org/ontology/associatedBand,http://dbpedia.org/resource/Crashdïet
1,http://dbpedia.org/ontology/associatedBand,http://dbpedia.org/resource/Subvision
1,http://dbpedia.org/ontology/associatedBand,http://dbpedia.org/resource/Defleshed
1,http://dbpedia.org/ontology/associatedMusicalArtist,http://dbpedia.org/resource/Sanctifica
1,http://dbpedia.org/ontology/associatedMusicalArtist,http://dbpedia.org/resource/Cradle_of_Filth
1,http://dbpedia.org/ontology/associatedMusicalArtist,http://dbpedia.org/resource/Crashdïet
1,http://dbpedia.org/ontology/associatedMusicalArtist,http://dbpedia.org/resource/October_Tide
1,http://dbpedia.org/ontology/associatedMusicalArtist,http://dbpedia.org/resource/The_Resistance_(Swedish_band)
1,http://dbpedia.org/ontology/associatedMusicalArtist,http://dbpedia.org/resource/Serpent_(band)
1,http://dbpedia.org/ontology/associatedMusicalArtist,http://dbpedia.org/resource/Satanic_Slaughter
1,http://dbpedia.org/ontology/bandMember,http://dbpedia.org/resource/Katatonia
1,http://dbpedia.org/ontology/bandMember,http://dbpedia.org/resource/Oskar_Nilsson_(drummer)
1,http://dbpedia.org/ontology/bandMember,http://dbpedia.org/resource/Piotr_Wawrzeniuk
1,http://dbpedia.org/ontology/bandMember,http://dbpedia.org/resource/John_Odhinn_Sandin
1,http://dbpedia.org/ontology/formerBandMember,http://dbpedia.org/resource/List_of_Opeth_band_members
1,http://dbpedia.org/ontology/formerBandMember,http://dbpedia.org/resource/Dead_(musician)
1,http://dbpedia.org/ontology/hometown,http://dbpedia.org/resource/Uppsala
1,http://dbpedia.org/ontology/hometown,http://dbpedia.org/resource/Arvika
1,http://dbpedia.org/ontology/hometown,http://dbpedia.org/resource/Norsborg
1,http://dbpedia.org/ontology/hometown,http://dbpedia.org/resource/Mölndal
1,http://dbpedia.org/ontology/hometown,http://dbpedia.org/resource/Halmstad
1,http://dbpedia.org/ontology/hometown,http://dbpedia.org/resource/Karlstad
1,http://dbpedia.org/ontology/hometown,http://dbpedia.org/resource/Hjärup
1,http://dbpedia.org/ontology/hometown,http://dbpedia.org/resource/Argentina
1,http://dbpedia.org/ontology/hometown,http://dbpedia.org/resource/Örebro
1,http://dbpedia.org/ontology/recordLabel,http://dbpedia.org/resource/Cold_Records
1,http://dbpedia.org/ontology/soundRecording,http://dbpedia.org/resource/Opeth__Sound__1
